,title,nickname,data,content
0,으뜸이던 구로디지털단지역 맛집,쿨쿨,2021. 11. 10. 12:50,"며칠 전 부모님 결혼기념일을 맞이하여 가족들과 외식을 해볼 겸 구로디지털단지역 맛집에 다녀왔어요.
신선도 높은 참치에 다양한 스끼다시까지 모두가 대만족했던 곳이라 소개할게요.
1. 황제참치
*주소 : 서울특별시 구로구 디지털로 32나길 12
*영업시간 : 매일 11:00 ~ 02:00
*전화번호 : 02-856-3323
혼마구로 35,000원 이 날 방문한 매장은 이마트에서 도보로 4분이면 도착했는데요.
검은색 간판에 조명이 환하게 빛나고 있어서 찾아내기가 쉽더라고요. 가게 앞에는 영업시간이 적혀있었어요.
오전 11시에 오픈해서 새벽 2시에 마감이라니 참고해두시면 편하실거에요. 안으로 들어서면 식사중인 손님들로 인해 홀은 이미 만석이었는데요.
인기가 많은 구로디지털단지역 맛집이라서 맛은 어떨지 궁금하더라고요. 한켠에는 다찌 테이블이 마련되어 있었는데요.
고급스러운 인테리어에 분위기가 좋아서 혼술을 마시기에도 손색이 없겠더라고요. 몇발자국 옮겨보면 개별룸이 준비되어 있었는데요.
4인부터 30인까지 수용이 가능한 구로디지털단지역 맛집이라 클라스가 돋보이더라고요. 직원분의 안내를 받고 방을 하나씩 둘러봤는데요.
청결에 신경을 많이 쓰시는지 전체적으로 깔끔해서 위생적인 부분에서 안심이 되더라고요. 구경을 마친 뒤 자리에 앉아 메뉴를 살펴봤어요.
무한리필 전문점 답게 코스요리부터 단품까지 다양하게 판매중이길래 가성비가 돋보였던 특(39,000원)으로 주문해봤어요. 한 15분쯤 지나고나면 상차림이 차려졌는데요.
참치와 잘 어울리는 정갈한 구성으로 내어주셔서 구로디지털단지역 맛집을 찾아오길 잘했다는 생각이 들더라고요. 먼저 공복을 달래줄 흑임자죽부터 먹어봤어요.
국내산 찹쌀이 들어있어 부드러운 밥알에고소한 향내음이 매력적이었어요. 이어 미소된장국도 한모금 마셔봤는데요.
장시간 우려낸 국물이라 진한 풍미가 베여있어서 인상깊더라고요. 다음은 숙성된 절임류를 맛 볼 차례였어요.
국내에서 보기 힘든 일본식 반찬이라 대접받는 기분이 들어서 좋았어요. 냉큼 참치내장 젓갈부터 맛보았는데요.
신선한 참치를 엄선해서 만들었는지 비린내 없이 감칠맛이 뛰어나서 자꾸만 손이 가더라고요. 연이어 붉은색 시소노미구라게도 한입했어요.
자연산 해파리의 꼬들거리는 식감에 시소 특유의 풍미까지 더해져서 별미였어요. 그런가하면 타코와사비도 나오길래 한젓가락 집어봤는데요.
톡 쏘는 감칠맛은 물론이고 육질도 쫄깃해서 흠 잡을데가 없더라고요. 틈틈히 마늘절임도 한알씩 먹어보았는데요.
국산 육쪽마늘이라 매운맛과 단맛의 적절한 조화가 기억에 오랫동안 남더라고요. 개인적으로 좋아하는 간장새우도 있길래 한입 베어물었어요.
서해에서 공수한 싱싱한 새우로만 담궈서 탱글탱글한 식감이 포인트였어요. 다음으로 참치초밥들도 살펴봤는데요.
고급 스시집보다 횟감도 두툼한데다 초대리의 간도 딱 맞아서 실력을 인정해주고 싶더라고요. 어느정도 먹다보면 구로디지털단지역 맛집의 특참치가 테이블에 등장했어요.
오도로, 맥가도로, 꼬리, 배꼽살, 적신등 가격에 비해 양이 많아서 가성비가 돋보였어요. 우선은 기본 부위인 적신부터 한입했는데요.
풍부한 살코기에 지방이 적게 함유되서 말랑말랑한 질감이 인상적이더라고요. 뒤이어 참다랑어의 꼬리살도 음미했어요.
탄력있는 살점에 힘줄이 콕 박혀있어서 쫄깃한 육질이 일품이었어요. 게다가 새하얀 배꼽살은 입안에서 살살 녹아내렸는데요.
지방의 함유량이 높아서 미식가인 어머니도 맛있다며 칭찬을 아끼지 않으시더라고요. 이외에 가마도로도 푸짐하게 얹어져있었는데,
등급이 좋은 태평양산 참치라서 골고루 분포된 마블링에 엄지가 절로 세워졌어요. 그냥 먹어도 맛있었지만 반찬을 곁들여주면 별미였는데요.
다채로운 풍미와 식감들이 한데 어우러져서 미소짓게 만들더라고요. 슬슬 후반부로 넘어와서 은행구이에 손을 댔어요.
뜨거운 철판에 노릇노릇하게 구워진 마늘과 함께 담겨있어서 골라먹는 재미가 쏠쏠했어요. 옆쪽에는 갓 조리된 참치조림이 놓여있었는데요.
오랜시간 졸여냈는지 매콤한 양념이 깊숙히 스며있어서 완전 밥도둑이더라고요. 다음으로는 메로구이가 테이블로 나왔는데,
식재료 관리가 잘 되어있어 잡냄새도 없는데다 부드럽고 촉촉한 생선살이 인상깊었어요. 이건 홍합이랑 파프리카가 섞인 요리였는데요.
무르기 쉬운 재료들인데도 아삭한 식감이 고스란히 살아있어서 만족스럽더라고요. 이번에는 새우튀김이 나왔어요.
기름을 자주 교체하시는지 튀김옷이 깨끗해서 마음에 쏙 들었어요. 구로디지털단지역 맛집에서 마무리는 토마토 마리네이드로 장식했는데요.
해파리부터 채소에 버섯까지 아낌없이 들어있어서 후한 인심이 느껴지더라고요. 뒤이어 입가심용으로 냉모밀까지 먹었어요.
순도 99%의 메밀면이 들어있어서 찰지게 달라붙는 면발이 압권이었어요.
그렇게 참치의 퀄리티와 구성까지 모든것이 만족스러웠던 구로디지털단지역 맛집이라 앞으로도 간간히 들려 볼 예정이에요. 2. 부원면옥
*주소 : 서울 중구 남대문시장4길 41-6
*영업시간 : 11:00 ~ 20:00
*전화번호 : 02-753-7728
평양냉면 8,500원 회현역 맞은편에 위치한 30년 전통의 평양냉면집 인부원면옥은 생방송오늘저녁 1057회에 출연했던 곳인데요. 천연재료로 우린 맑은 육수에 수작업으로 만든 수타면을 넣어서 요리의 완성도가 높더라고요.
3. 검단양만
*주소 : 서울 송파구 백제고분로 7길 40-17
*영업시간 : 10:50 ~ 23:00
*전화번호 : 02-3431-9555
장어구이 39,000원 잠실새내역 근처에 장어 전문점인 검단양만은 생생정보통 16회차에 방영되었던 곳이었어요. 고창에서 직송해온 토종 장어만을 고집해서 잡냄새가 적고 살이 부드럽다는게 장점이에요.
4. 미림산장
*주소 : 서울 강북구 삼양로 181길 253
*영업시간 : 10:30 ~ 22:30
*전화번호 : 02-993-3330
토종닭백숙 65,000원 용덕사에서 차량으로 5분이면 도착하는 유명한 한식집인 미림산장은 VJ특공대 722회차에 소개되었던 가게인데요. 직접 기른 토종닭에 20가지 한약재를 넣고 끓인 닭백숙은 국물이 진국이더라고요.
5. 독립카츠
*주소 : 서울 마포구 연남로 19
*영업시간 : 11:30 ~ 21:30
*전화번호 : 02-333-1574
모듬돈카츠 14,000원 경의선 숲길공원 바로 앞에 자리한 일본식 돈까스집인 독립카츠는 생방송투데이 2470회차에서 극찬을 받았어요. 한돈 등심으로 튀겨낸 돈까스를 선보이는데, 연한 육질과 바삭한 튀김옷이 특징이에요.
이 포스팅은 소정의 원고료를 지원받아 작성하였습니다."
1,옹골찼던 구로디지털단지역 맛집 리스트,꽁주빵주,2021. 11. 14. 8:00," 며칠 전 친구들과 저녁 약속이 있어서 지인이 알려준 구로디지털단지역 맛집을 찾아갔어요. 선도 좋은 해산물 요리를 푸짐하게 즐겼던 곳이라 소개해 드리려고 해요! 이 날 방문한 품격사시미는 깔깔거리 내에 자리를 잡고 있어요. 커다란 건물에 새하얀 간판이 밝게 들어와 초행길임에도 쉽게 찾았네요. 실내로 입장해보니 은은한 조명이 비치는 홀이 우리를 맞이해주었는데요. 이른 시간인데도 곳곳에 식사하시는 손님들이 많더라고요. 안내받은 자리에 착석 후 메뉴판을 스캔해봤어요. 단품도 있었지만, 가성비가 훌륭한 세트 구성이 있어서 바로 주문을 했어요. 얼마 남짓 지나자 밑반찬과 함께 메인요리가 셋팅되었어요. 가짓수도 많고 플레이팅도 예쁘게 되어 있어서 먹음직스러워 보이더라고요! 우선 구로디지털단지역 맛집 국물떡볶이를 먹어보기로 했어요. 떡과 어묵이 한가득 들어 있어서 다같이 나눠 먹기 괜찮아요. 간이 알맞아서 식전에 애피타이저로 제격이었어요. 탱글한 밀떡은 취향을 제대로 저격해 주어 순식간에 그릇을 비워내게 했네요. 뒤이어 맛본 것은 연어샐러드에요. 굵기도 두툼해서 하나만 먹어도 입안 가득 차는 식감이 좋아 같이 간 일행들도 만족한 눈치였어죠. 윤기가 흐르는 모습은 시선을 강탈할 수밖에 없어요. 느끼하지 않고 담백한 맛이 훌륭해 단품으로 추가하고 싶어질 정도였네요. 샐러드로 먹을 수 있도록 채소들도 신선한 걸 준비해주셨는데요. 옆에 있던 타르타르소스에 듬뿍 찍어주면 달달함이 가미되어 풍미를 더욱 높여주었어요. 구로디지털단지역 맛집의 산낙지는 주문 즉시 잡으셨는지 신선해 보였어요. 서빙이 되고 한동안 꿈틀거리는 힘이 대단하더라고요. 얼른 숟가락을 이용해 한 술 떠 맛봤는데요. 한입 가득 넣어도 쫀득거리는 텍스처가 좋아 만족스러웠어요! 이번엔 튀김을 살펴보기 시작했어요. 바로 튀겨 나와서 그런지 바삭함을 유지하고 있었어요. 살짝 간장에 담가주면 감칠맛이 더해졌어요. 겉바속촉이 뭔지 알려주기라도 하듯 한입 베어 물면 바스락거리는 소리가 울려 퍼지더라고요. 틈틈이 콘버터를 곁들이기도 했어요. 버터의 고소함과 톡톡 터지는 알맹이의 식감이 좋아 두 번이나 더 리필을 받을 정도예요. 기다렸던 메인회는 종류가 다섯가지 이상이 나왔어요. 가리비는 물론이고 각종 해산물까지 신선하게 즐길 수 있다는 점이 구로디지털단지역 맛집의 매리트였죠. 우선 가리비부터 집어 들어 봤어요. 수율이 높아서 그런지 큼직한 알맹이가 씹혀 취향을 제대로 저격해주더라고요. 두툼하게 썰려있는 회는 가지런히 올려두셨는데요. 여러 가지 종류가 들어 있어서 번갈아 먹기 좋아요. 아무 양념을 곁들이지 않고 곧장 입가에 가져가 보았어요. 담백한 맛은 물론이고 특유의 비린내가 일절 나지 않아 예민한 제 입에도 괜찮았네요. 바다의 맛이 가득 느껴졌던 구로디지털단지역 맛집 멍게도 별미에요! 처음에는 쌉싸름하다가도 씹을수록 달콤했죠. 살짝의 와사비만으로도 풍미를 더 할 수 있었어요. 코끝을 자극하는 알싸함이 입안을 정돈해주어 물리지 않고 폭풍흡입 할 수 있었네요. 틈틈이 초장을 함께해주는 것도 잊지 않았는데요. 새콤달콤함이 회의 본연의 맛을 유지하며 풍미를 진하게 만들어 주었어요. 중간에는 구로디지털단지역 맛집에서 소주와 맥주를 추가하여 마셨어요. 시원한 목 넘김과 요리들의 조화가 기가 막히더라고요. 관자는 큼지막하여 먹음직스러웠는데요. 몇 번 씹지 않아도 부드러운 목 넘김이 예술이었어요. 끝으로 장식해준 매운탕의 얼큰함은 해장을 해주는 것 같았어요. 생선은 물론이고 각종 채소까지 듬뿍 들어 있어서 육수의 진함이 남달랐네요. 건더기에 있는 살코기를 발라 먹는 재미도 있었어요. 국물이 스며들어 있어서 그런지 매콤한게 제 입맛에 맞았어요. 이렇게 구로디지털단지역 맛집에서 친구들과 흡족스로운 식사를 하였어요. 해산물이 모두 신선하고 맛이 좋아 다음에는 부모님과 재방문할 예정이랍니다!  저녁에는 대림사거리 인근에 위치한 곰탕집에 갔어요. 내부가 넓었고 고등색으로 인테리어를 해서 고급스러웠 보였는데요. 꼬리탕은 국물이 진하고 고기가 푸짐하게 들어가 있어서 만족스러웠어요. 점심에는 가족들과 가리봉시장 근천에 있는 중식집에 다녀왔어요. 매장이 오래되었는지 옛스러운 느낌이 좋았던 곳인데요. 군만두는 바삭한 식감이 일품이었고 담백한 맛이 훌륭해 맛있게 먹었답니다. 식후에는 이마트 구로점에서 도보로 3분거리인 케이크 전문점에 방문했어요. 실내는 크지는 않지만 아기자기한 장식품들로 꾸며 놓아 분위기 좋았는데요. 딸기주스는 달콤한 맛이 으뜸이라 디저트의 조화가 좋아 남김없이 먹었어요. 다음날에는 구로G밸리 비즈플라자 건물안에 위치한 전골집에 갔어요. 매장이 크고 깔끔하게 인테리어를 하셔서 세련되보였어요. 김치찌개는 해남 배추로 만든 묵은지로만 사용해서 그런지 국물의 깊은 맛이 일품이었답니다.
<!-- 본 포스팅은 소정의 원고료를 받고 작성하였습니다 -->"
2,빈틈없는 구로디지털단지역 맛집 모음,"따짱맘킴쏘
(kimmso1)",17시간 전,"지난 주말 친구들과 구로에서 만났다가 근방에서 유명하다는 구로디지털단지역 맛집에 방문했어요. 
신선한 초밥, 사시미, 우동, 모밀까지 다채롭게 즐겼는데요 저렴한 가격에 감동했던 곳이라 소개해 볼게요. 
1. 상무초밥
모듬스시 11,000원/오늘의스시 15,000원 주소 : 서울특별시 관악구 시흥대로 568 1층
영업시간 : 매일 11:00 - 23:00
전화번호 : 02-859-3339 이날 찾아갔던 상무초밥은 구로 이마트점에서 차로 5분이면 도착할 수 있었어요. 
큰 대로변 1층 건물에 흰색 간판이 멀리서도 눈에 띄어 차 안에서도 쉽게 찾을 수 있었어요.  건물 외벽에는 영업시간에 대한 안내 팻말이 붙어있었는데요. 
매일 오전 11시부터 오후 11시까지 연중무휴라고 하니 방문 시 참고해 보세요.  구로디지털단지역 맛집 앞에는 전용 주차장도 마련되어 있었어요. 
덕분에 차를 가지고 간 저희도 주차 걱정 없이 수월하게 파킹 할 수 있었어요.  현관문을 열고 들어가면 대기석이 쭉 놓여 있었는데요. 
푹신한 쿠션 덕에 대기시간에도 편하게 기다릴 수 있어 문제없어 보였어요.  그런가 하면 큐얼 체크 기계도 시선을 사로잡았는데요. 
입장하는 손님 모두 큐얼 인증을 마친 뒤에 입장할 수 있으니 요즘 같은 시국에도 안심할 수 있었어요.  더 안쪽으로 발걸음을 옮기니 탁 트인 내부 홀이 펼쳐졌어요. 
층고가 높아 전혀 답답하지 않았고 테이블은 앞, 뒤로 넓게 떨어져 있어 쾌적한 식사가 가능해 보였어요.  구로디지털단지역 맛집의 주방은 오픈형으로 개방되어 있었는데요. 
재료 손질 중인 셰프님은 앞치마, 위생모, 마스크, 장갑까지 철저하게 착용하고 계셔서 위생적으로도 칭찬할 만했어요.  게다가 유아용 의자도 비치되어 있었는데요. 
영유아를 동반한 가족단위 손님을 생각한 사장님의 배려심에 감동적이었어요.  한쪽에는 음료 냉장고도 확인해 볼 수 있었어요. 
탄산음료, 주스뿐 아니라 매장에서 직접 담근 식혜까지 부담스럽지 않은 가격에 판매하고 있어 만족스러웠어요.  직원분의 안내에 자리를 잡고 앉아봤어요. 
먼지 하나 없이 말끔하게 닦여있는 테이블이라 까탈스러운 친구도 흡족한 미소를 지었어요.  사이드에는 3종류의 기본 곁들임찬이 통에 담겨 있었는데요. 
락교, 단무지, 초생강까지 전부 일식 요리와 잘 어울리는 것들이라 케미가 기대됐어요.  본격적인 식사를 위해 구로디지털단지역 맛집의 메뉴판을 쭉 읽어봤어요. 
다양한 종류의 일식요리가 적혀있었는데 가장 베스트라는 모듬회, 오늘의 초밥, 오마카세를 추천받아 주문을 넣었어요.  잠시 후 저희가 주문한 음식들이 테이블 위로 한상 가득 차려졌는데요. 
하나같이 신선한 비주얼은 물론 플레이팅도 화려해서 인증샷으로 한 컷 남겨봤어요.  제일 먼저 백김치를 맛봤는데요. 
양념을 흐르는 물에 씻어 참기름으로 볶아낸 별미스러움에 자꾸만 손이 갔어요.  그런가 하면 마늘장아찌에도 손을 뻗어봤어요. 
간장에 푹 절여진 탓에 매운맛이 덜하고 감칠맛이 진해 식욕을 끌여올려줬어요.  다음은 구로디지털단지역 맛집의 냉모밀도 선점해 봤는데요. 
쫄깃한 면발을 냉육수에 푹 담가먹는 재미도 쏠쏠해 지루할 틈이 없었어요.  이번에는 참치초밥을 공략해 봤어요. 
품질이 좋은 생선만 사용해 살이 통통했고 살점의 단맛이 고스란히 전해졌어요.  그리고 연어초밥도 입에 쏙 넣어봤어요. 
몇 번 씹지도 않았는데 사르를 녹아버리는 질감에 두 눈이 번쩍 뜨였어요.  다음은 소고기불초밥을 음미해 봤어요. 
송골송골 육즙은 무론 표면을 토치로 구워 은은하게 올라오는 불향까지 미식가인 친구도 인정하는 눈치였어요.  이윽고 스시오마카세도 모습을 드러냈는데요. 
차가운 돌판에 담겨있는 다채로운 종류의 초밥은 오랜 시간 신선함을 유지해 주니 더할 나위 없었어요.  구로디지털단지역 맛집의 묵은지 초밥을 냠 해봤는데요. 
단촛물이 스며든 찰기 가득한 밥알에 아삭하면서도 새큼한 김치의 캐미가 좋아 자꾸만 손이 갔어요.  뿐만 아니라 초새우도 입가에 가져가 봤어요. 
톡톡 터지는 새우살밥이 입에 착착 감겨 순식간에 한 접시를 클리어했어요.  물론 간장새우도 즐겨봤는데요. 
간장에 숙성됐음에도 새우의 단미가 뒤처지질 않아 감탄사가 터져 나왔어요.  이윽고 우동도 맛보기로 했는데요. 
가쓰오부시 육수가 우동면에 잘 스며들어 이것만으로도 일당백을 해냈어요.  마지막은 수정과로 대미를 장식해 봤어요. 
쌉싸름하면서도 달콤한 수정과로 입가심은 물론 속까지 시원하게 풀어줄 수 있어 완벽했던 구로디지털단지역 맛집이라 다음 모임도 여기서 하자며 약속했답니다! 2. 고마워케이크
말차라떼 6,000원 주소 : 서울 구로구 디지털로 300
영업시간 : 평일 10:30 - 22:30
전화번호 : 0507-1412-3906
식후에는 이마트 구로점에서 도보로 3분 거리인 케이크 전문점에 방문했어요. 
가게 내부가 크지는 않지만 아기자기한 장식품들로 꾸며 놓아 분위기 좋았는데요. 
딸기주스는 달콤한 맛이 으뜸이라 디저트의 조화가 좋아 남김없이 먹었어요. 
3. 원래순교자관
완탕 5,000원 주소 : 서울 구로구 디지털로19길 12
영업시간 : 매일 11:00 - 22:00
전화번호 : 02-855-8488
저녁에는 가족들과 가리봉시장 근처에 있는 중식집에 다녀왔어요. 
매장이 오래됐는지 예스러운 느낌이 향토적으로 느껴져 편안하고 아늑했어요. 
군만두는 바삭한 식감이 일품이었고 담백한 맛이 훌륭해 맛있게 흡입했어요. 
4. 데이즈앤데이즈
바질 크로칸트 4,500원 주소 : 서울 관악구 시흥대로 578 광안빌딩 2층
운영시간 : 매일 09:00 - 00:00
전화번호 : 0507-1426-0093
구디역 사거리 방면에 위치한 베이커리집으로 생방송투데이 2347회에도 소개됐던 매장이에요. 
당일 생산 및 판매 원칙의 빵들로 흠뻑 취할 수 있었어요. 
그중에서도 바질과 생크림이 듬뿍 들어간 크로칸트가 최고로 꼽힌다고 했는데 추가로 직접 로스팅 하는 커피와 건강음료도 인기 만점이었어요. 
5. 등나무집
꼬리찜(中) 70,000원 주소 : 서울 동작구 대림로 52
운영시간 : 매일 11:00 - 22:00
전화번호 : 02-843-8989
마지막으로 대림사거리 근방에 자리한 등나무집은 유명 연예인이 단골로 갈 정도로 이름난 곳이에요. 
메뉴 중에 시그니처로 불리는 꼬리찜은 쫀득한 육질이 찬탄을 자아냈어요. 
최고의 식재료를 향한 사장님의 열망을 온전히 체험할 수 있는 곳이니 꼭 들러보시길 바랄게요. "
3,최고였던 구로디지털단지역 맛집 소개,카오디오,2021. 11. 3. 14:00,"지난 일요일, 여자친구가 미리 알아둔 구로디지털단지역 맛집에 다녀왔는데요. 최상급 품질의 갈비를 합리적인 가격에 맛볼 수 있던 곳이라 소개하고 싶어요. 청록색 외관이 인상적이던 미켈고깃집은 구디역 3번 출구에서 도보 5분 거리의 위치였어요. 차를 가져올 경우, 코오롱싸이언스벨리 주차장을 이용하면 될 것 같습니다. 이내 입장한 실내 풍경은 마치 아늑한 오두막집을 연상케하더군요. 벽돌 타일을 포함한 갈색 톤의 통일된 인테리어가 참으로 돋보였어요. 구로디지털단지역 맛집 한켠에는 셀프바가 마련되어 있었는데요. 선도 좋은 반찬들과 소스류, 식기들까지 청결하게 관리되고 있었죠. 그리고 각 테이블은 화로와 환기구가 잘 갖춰졌으며, 다른 손님들과 거리두기에도 문제없어 보였답니다.  일일 5세트 한정인 커플세트를 여자친구가 미리 예약을 통해 선점해놨다고 해요. 덕분에 소갈비살과 돼지갈비, 후식 등의 알찬 구성을 가성비 좋게 즐길 수 있었죠. 주문을 마치곤 6분 쯤 뒤에 직원분께서 테이블 위를 차례로 세팅해 주셨는데요. 정갈하기 그지없는 깔끔한 플레이팅 실력이 대단했어요. 사각 트레일러 안에 6종으로 담긴 찬들의 모습이에요. 샐러드와 김치, 두부 등 하나같이 모두 입맛에 꼭 맞았답니다. 메인 육류인 소갈비살과 돼지갈비의 눈부신 자태를 잠시나마 감상해주었어요. 야들거리는 육질과 고운 빛깔로 품질에 대한 신뢰가 더욱 생겨났죠. 잘 달궈진 참숯 불판 위에 구로디지털단지역 맛집의 고기들을 몽땅 올려주었어요. 그윽한 육향과 지글거리는 소리를 듣자 행복감이 고양되더라고요. 강한 화력을 바탕으로 신경써서 그릴링해주었답니다. 이렇게 훌륭한 질의 갈비들을 자칫 태워버리면 안되잖아요? 돼지갈비를 잘라주는 과정에서 육질을 자세히 들여다볼 수 있었어요. 거기에 부드럽게 잘려나가는 질감까지 동시에 체험이 가능했죠. 구로디지털단지역 맛집의 새송이버섯도 별미 중에 별미더라고요. 씹자마자 꽉찬 즙이 뿜어나오는게 압권이었죠.  갈비 또한 일반적이지 않았는데, 이태리 요리를 전공한 미켈 쉐프가 개발한 숙성법과 양념으로 탄생했다고 합니다.  완벽한 굽기 상태로 익은 갈비들을 불판 가장자리로 산처럼 쌓아주고는 먹방모드로 진지하게 임해주었어요.  게다가 소금 또한 무척이나 고급져보였는데, 생각보다 덜한 짠기에 갈비 고유의 감칠맛을 극대화시켜주더군요. 여자친구와 맥주로 건배를 외치며, 구로디지털단지역 맛집에서의 식사를 기분좋게 이어갈 수 있었네요. 기본 찬으로 나온 명이나물도 활용하지 않을 수 없겠더라고요. 개인적으로 상추쌈보다 더 고급지게 즐길 수 있던 것 같아요. 앞접시로 옮긴 명이나물에 돼지갈비 한 점과 할라피뇨, 여기에 쌈장 찍은 마늘을 얹어먹으니 상큼한 뒷맛이 연출되었죠. 고깃집에선 난생 처음 접해보는 또띠아같은 경우, 크리시피한 텍스쳐에 칠리소스의 매콤함이 고기와 은근히 잘 어울렸어요. 한식을 대표하는 김치도 역시나 갈비와의 궁합이 끝내줬답니다. 구로디지털단지역 맛집 타이틀에 걸맞음을 체감할 수 있었어요. 세트에 포함된 한우육회도 식사 중간마다 연신 곁들여주었는데요. 달짝지근한 소스에 채썬 배와 미나리까지 제대로 취향저격이었죠. 날것을 선호하지 않는 저로써도 이것만큼은 연신 흡입하게 되더군요. 그 정도로 잡내 없는 깔끔한 맛과 풍미가 으뜸이었어요. 후식용으로 주문한 냉면도 시키지 않았으면 크게 후회할 뻔 했어요. 물냉과 비냉의 우열을 가리기 힘들 정도로 모두 뛰어났거든요. 새빨간 양념이 벤 찰기 넘치는 면발에 양념갈비를 곁들이니 그야말로 육쌈의 정석을 느낄 수 있었네요. 거기에 살얼음 육수로 가슴 속 깊은 곳까지 개운함을 안겨줄 수 있었답니다. 너무나도 만족했었던 구로디지털단지역 맛집이었네요. 크로바마트 뒷 건물에 위치한 은행골은 생활의달인 411회에 출연했을 정도로 유명한 스시집이에요. 오랜 세월동안 변함없는 맛을 간직한 곳으로, 착한 가격에 반비례하는 퀄리티좋은 초밥으로 입호강할 수 있었네요. 구디에 오면 꼭 들를 정도로 애정하는 곳이랍니다. 구디역 사거리 방면에 위치한 베이커리집으로 생방송투데이 2347회에도 소개됐던 매장이에요. 당일 생산 및 판매 원칙의 빵들로 흠뻑 취할 수 있었는데요. 그 중에서도 바질과 생크림이 듬뿍 들어간 크로칸트가 최고로 꼽힌다고 합니다. 거기에 직접 로스팅하는 커피와 건강음료도 인기만점이었네요. 홈플러스 금천점에서 450m정도 떨어진 곱창집으로 생방송오늘저녁 1421회에 방영된 곳이기도 해요. 국내산 황소곱창만을 사용하여 새콤달콤한 부추무침과 곁들였을 때, 탄성이 절로 나오는 맛의 조화로움이더군요. 사골육수로 우려낸 얼큰칼칼한 곱창전골도 입소문이 자자하다고 합니다. 대림사거리 근방에 자리한 등나무집은 유명 연예인이 단골로 갈 정도로 이름난 곳이에요. 메뉴 중에 시그니처로 불리는 꼬리찜은 쫀득한 육질이 찬탄을 자아내게 하더라고요. 최고의 식재료를 향한 사장님의 열망을 온전히 체험할 수 있는 곳이니 꼭 들러보시길 바래요.
위 포스팅은,
소정의 원고료를 받고 작성하였습니다."
4,공감했던 구로디지털단지역 맛집 소개,"망고탱이
(flyfree6)",2021. 10. 5. 7:30,"얼마전 친구들과 전붜 가고싶었던 구로디지털단지역 맛집을 찾았어요. 항아리에 숙성해 부드러운 닭갈비와 신선한 채소들을 마음껏 즐겨 공유해보려고 합니다  저희가 찾은 항아리닭갈비막국수 구로점은 구디역 3번 출구에서 도보로 5분 거리인 G밸리 비즈플라자 지하1층에 위치 해 있었어요 내부로 들어서니 꽤나 규모가 있었고 전체적으로 모던하고 깔끔하게 꾸며져 있어 따스한 조명이 포근하게 느껴졌어요 벽면에는 일자로 나열되어 있는 테이블들은 하나같이 깔끔하기 짝이 없었고 자리는 편안 해 보여 단체 모임도 충분하겠다 싶었어요 테이블 위에는 구로디지털단지역 맛집답게 큼지막한 철판이 세팅되어 있었는데 자리를 잡고 앉으니 기본찬도 차려졌답니다 바로 옆쪽에 붙어 있었던 메뉴판을 살펴보면서 편하게 주문을 할 수 있었는데 메인 음식과 각종 사리를 추가해 보았어요 가장 먼저 무절임이 나왔어요. 얇게 슬라이스 되어있고 새콤달콤한 감칠맛에 얼른 고기에 싸먹고싶다 생각했어요 이어 항아리에 담겨져 나온 동치미를 떠서 맛봤어요, 입 안에 들어오자마자 새콤하고 시원한 맛이 존재감을 어필했답니다 특히 채소들이 신선도가 남다르게 느껴졌는데요, 아삭한 식감과 구로디지털단지역 맛집답게 깨끗하게 잘 세척되어 세팅이 되었어요 주문한 닭갈비는 매콤달콤한 양념장이 두둑했고 아삭거리는 양배추와 숙서잉 된 닭고기가 푸짐하게 철판위로 담겼어요 뜨겁게 달구어진 불판 위에서 금새 익어가기 시작했는데, 맵달한 양념이 속까지 스며들어 금새 고소한 냄새가 가득했답니다 추가로 주문한 막국수는 고명이 푸짐하게 산처럼 올려져 있었어요. 시원하고 감칠맛이 진한 양념장과 육수도 두둑했어요. 잘 섞일 수 있도록 비벼주니 도톰하면서도 쫄깃한 면이 눈에 들어왔는데 구로디지털단지역 맛집의 비주얼부터 음미했죠 잘 섞어진 막국수를 호로록 먹어보니 부드럽게 속에 들어찼고 고소한 면의 맛과 재료들의 밸런스가 잘 맞았어요. 이어서 어느정도 익어가는 닭고기 위로는 치즈사리를 도톰하게 올려주었고 익히는 동안에는 다른 사리도 추가해봤답니다. 이곳에 오면 꼭 시켜봐야 한다는 우동사리도 빠질 수 없었어요. 쫄깃한 생면에는 간도 딱 맞게 양념장도 함께 나와 센스가 느껴졌어요. 익기를 기다리는 동안에는 아삭한 양파를 소스에 찍어 맛봤어요. 시원한 맛이 구로디지털단지역 맛집에서의 식사전 입맛을 돋구어주었죠 고소한 냄새가 가득했고 먹음직스럽게 잘 익은 닭갈비에 떡사리부터 집어봤어요. 쫀득함이 입 안을 가득 채웠어요. 이어 고구마 사리도 곁들여 먹어봤는데 맵달한 양념이 속까지 잘 스며들어 짭쪼름함을 중화시켜주더랍니다. 이번엔 생양파와 함께 쫄깃한 고기를 곁들여 먹어보았는데 입 안에 넣자마자 부드럽게 녹아 들어가는 맛에 놀라웠어요. 치즈가 먹음직스럽게 녹았고 매운맛을 적절히 중화시켜주어 풍미는 더욱 배가 됐답니다. 고기를 집어 치즈를 곁들이니 감탄스럽게 죽 늘어나는 비주얼에 구로디지털단지역 맛집 인정할 수 밖에 없었어요. 이번엔 쌈을 싸서 먹어보았는데 아삭하고 신선한 상추 쌈 안에서도 쫄깃하고 육즙 가득한 부드러운 맛의 존재감은 강했죠 이대론 아쉬워 볶음밥을 추가했고 야채와 재료들이 푸짐하게 담겨져 나왔어요. 뜨거운 철판위에서 먹음직스럽게 볶아주었고 이거다 싶은 비주얼이 완성됐답니다. 마무리로 바삭 고소한 밥을 먹어주니 속이 든든해졌어요.
구로디지털단지역 맛집 인정해 다음번에도 또 와야겠다 생각했네요. 합리적인 가격대로 여러가지 초밥을 먹을 수 있는 곳! 일반적으로 와사비가 없어 취향에 맞게 먹을 수 있다는 점이 은근히 꿀팁이예요. 특히 토치로 구워낸 익힌 생선 초밥류가 입에서 살살녹는 곳이랍니다 분위기 있는 아태리 술집을 찾는다면 단연 원픽이 아닐까 싶어요. 특히 수제로 올려낸 꼬릿하고 고소한 치즈와 상큼한 체리와 토마토가 곁들여진 바삭한 피자는 베스트 메뉴!! 깔끔하고 모던한 분위기에서 인도식 커리를 맛볼 수 있는 곳이예요. 호불호가 갈리지 않는 짭쪼름하면서도 감칠맛이 풍부한 인도 커리류는 한끼 식사로도 제격이라 자주 찾는 곳이예요! 브런치 생각날때 마다 찾는 메이비카페는 구디역 2번출구 바로 앞에 위치 해 있어 접근성도 뛰어나요. 특히 고소한 우유와 계란을 곁들여 구워낸 겉바속초의 프렌치토스트는 베스트 메뉴예요 이 글은 업체로부터 소정의 원고료를 지급받고 작성하였습니다"
5,상당했던 구로디지털단지역 맛집 리스트,응급이,2021. 11. 3. 17:39,"안녕하세요 응급이 입니다!
얼마 전 친한 지인들과 회포풀 겸 집 근처에 있는 구로디지털단지역 맛집을 찾아갔어요.
독특한 돼지꼬치요리를 맛볼 수 있었는데 육질도 부드럽고 불향을 가득 머금은게 취저였던 곳이에요. *주소 : 서울 구로구 디지털로32나길 17-22
*전화번호 : 02-857-6787
*영업시간 : 매일 11:00 ~ 23:00 이번에 방문한 공단갈비꼬치는 구디역에서 200미터 거리로 엄청 가까웠어요.
뒤쪽 골목으로 들어가니까 큼직하게 써진 간판이 한 눈에 들어와서 바로 찾았어요. 앞에는 이곳이 어떻게 탄생했는지에 대한 설명이 적혀 있었어요.
가장 오래된 고기집이 새롭게 태어났다고 하니까 더 기대가 되더라고요. 곧장 안으로 들어가보니까 깔끔하고 쾌적한 홀이 나타났어요.
넓은 매장 안에 테이블이 넉넉하게 배치되어있어 모임하러 오기에도 좋아 보였죠. 또 구로디지털단지역 맛집 벽면에는 감각적인 그림이 그려져있었어요.
레트로풍의 벽지와도 잘 어울려서 여기저기 인증샷을 찍느라 바쁠 정도였네요. 그리고 저희는 창가쪽으로 자리를 잡았어요.
폴딩도어가 활짝 열려있어 시원시원한 뷰가 맘에 쏙 들었거든요. 곧장 살펴본 메뉴판에는 다양한 꼬치류가 있었어요.
어떤 걸 먹을까 한참을 고민한 끝에 갈비꼬치와 꼬리꼬치를 시켰어요. 그랬더니 4칸 접시에 담긴 소스 먼저 내어주셨어요.
소금부터 쌈장, 쯔란에 마요소스까지 다채로워서 대접받는 기분이 들었고요. 옆에 있던 그릇에는 파채가 가득 담겨 나와서 눈이 휘둥그레졌어요.
양념에 다 버무려져있어 바로 집어 먹으면 됐는데 매콤, 칼칼한게 딱 제 취향이었어요. 시원한 물김치는 중간에 입가심으로 먹기 좋았어요.
새코롬한 간이 너무 쎄지도 않고 적당해서 술술 들어가더라고요. 안에 들어있는 김치를 떠먹는 재미도 있었어요.
씹을수록 촉촉한 채즙이 가득 올라오니까 뭐 하나 아쉬운게 없던 구로디지털단지역 맛집이었죠. 연이어 살펴본 갈비찜은 기본메뉴인게 믿기지 않을 정도로 먹음직스러웠는데요.
단짠의 양념도 수준급인데다가 육질이 엄청 부드러워서 모두 박수를 짝짝 쳤어요. 방울토마토도 꼬챙이에 콕콕 꽂아서 나왔어요.
한 입 먹어보니까 달큼한 채즙이 팡팡 터져 나와 호불호없이 다들 좋아했어요. 5분 정도 후에 초벌을 마친 갈비꼬치가 등장했어요.
240g에 13,000원으로 가성비가 엄청 좋아 보여서 첫눈에 반해버렸는데요. 매콤한 향이 특히 먹음직스러웠던 꼬치구이도 함께 주시더라고요.
어느정도 익혀 나온거라 불판에 조금만 올려서 먹으면 된대서 감사했어요. 곧장 구로디지털단지역 맛집 직원분의 설명에 따라 두가지 꼬치를 모두 올려줬어요.
가만히 기다리면 알아서 굴러가며 익으니까 따로 뒤집지 않아도 된단게 편리했고요. 금세 다 익은 갈비꼬치는 앞접시에 덜어서 후후 불어 먹었어요.
한입 베어물자마자 달달하고 짭짤한 양념과 고소한 육즙이 터져 나와서 눈이 휘둥그레졌어요. 살코기도 엄청 연해서 몇번 씹지도 않았는데 금방 입 안에서 사라지더라고요.
누린내도 없고 진한 육향이 일품이라 모두 칭찬을 아끼지 않았어요. 소금도 최고급 천일염을 쓰는지 짠맛이 과하지 않더라고요.
오히려 달큼한게 매력적이라 자꾸 곁들이게 됐답니다. 한번은 칼칼한 쯔란에 곁들여서 먹어봤어요.
담백한 돼지고기에 진한 감칠맛을 더해줘서 그 맛이 아직도 잊혀지지 않더라고요. 다음은 꼬리꼬치를 맛볼 차례였어요.
빨간 양념에 발라진 상태로 나와서 소스없이 바로 먹어보니 매콤달콤한 풍미가 별미였던 구로디지털단지역 맛집이었어요. 달달하고 고소한 마요소스와도 너무 잘 어울렸어요.
약간의 매운맛을 중화시켜주니까 물리지도 않고 계속 들어갔죠. 식감도 엄청 쫀득해서 아삭한 파채랑 케미가 좋았어요.
한꺼번에 먹어보니까 알싸한 채즙까지 올라오니 일당백을 해내더라고요. 그리고 가장 궁금했던 소시지꼬치를 추가했어요.
같이 먹을 샐러드도 함께 주셔서 그 맛이 어떨지 더 궁금했는데요. 친구가 먹고싶다던 치즈까지 시켰더니 더 푸짐한 구성이돼서 구로디지털단지역 맛집에 대한 기대감이 절로 높아졌어요. 불판에 올려서 익혀주니까 무슨 캠핑하러 온 것 같았는데요.
치즈와 소세지에 불향이 입혀지니 더 먹음직스러웠어요. 겉부분이 크리스피하게 익은 소시지꼬치는 한입 크게 베어물었는데요.
고기처럼 풍부한 육즙이 흘러나와서 취향저격 제대로였어요. 거기에 치즈까지 얹어 먹으면 쫀득한 식감이 같이 느껴지는게 매력 포인트였어요. 따로 시켰던 소주와도 잘 어울려서 술술 들어갔어요.
모든 메뉴가 감칠맛이 좋은 탓에 술 안주로 딱이라 기분 좋은 모임이 됐던 구로디지털단지역 맛집이었답니다.  *주소 : 서울 구로구 디지털로32나길 51
*전화번호 : 02-859-3073
*영업시간 : 매일 08:30 - 23:00
식후에 들렀던 메이비카페는 깔깔거리에 위치해 있었는데요.
에그베네딕트는 신선한 계란과 바삭하게 구운 빵, 베이컨이 함께 나와 간단한 브런치로 딱이었어요.
담백한 풍미하며 겉바속촉의 식감까지 전부 제 취향이었던 곳이에요. *주소 : 서울 구로구 디지털로32나길 12
*전화번호 : 02-856-3323
*영업시간 : 매일 11:00 - 02:00
이어서 찾은 황제참치는 구디역에서 걸어서 5분 정도 걸렸어요.
실장추천메뉴로 시키니까 바로 손질한 참치회를 부위별로 내어주셨는데요.
하나같이 산미가 적당하고 고소한 풍미가 으뜸이라 회 좋아하는 분들은 꼭 가보는 걸 추천드려요. *주소 : 서울 구로구 새말로 17 2층
*전화번호 : 0507-1392-9291
*영업시간 : 매일 16:30 - 00:00 연중무휴 
다음날 찾아간 송이족발은 구로역 바로 앞에 있는 곳인데요.
정통족발은 옛 방식대로 오랜시간 삶아내서 입에 넣자마자 솜사탕처럼 녹아내렸어요.
함께 주신 새우젓도 직접 만드셨는지 짭짤한 감칠맛이 예술이었답니다. *주소 : 서울 구로구 디지털로 300
*전화번호 : 0507-1470-3989
*영업시간 : 매일 11:00 - 21:00 
마지막으로 찾아갔던 항아리닭갈비막국수는 지밸리몰 지하에 있었는데요.
버섯닭갈비로 주문하니 갓 손질한 닭고기와 버섯을 산더미처럼 쌓아주셨어요.
사장님의 후한 인심에 놀라고 잡내없이 담백한 육향에 또 한번 놀랐던 곳이에요. "
8,매력있던 구로디지털단지역 맛집 모음,갱지,2021. 11. 7. 7:00,"얼마전 친구들과 미리 찾아둔 구로디지털단지역 맛집을 방문했어요.
퀄리티 좋은 제주산 돼지를 무한으로 즐길 수 있어 기름칠 제대로 했답니다. 이날 찾았던 육장장이는 구로디지털단지역 2, 3번 출구에서 걸어서 3분이면 도착했어요.
멀리서부터 환히 빛나는 노란빛 조명의 간판이 시선을 확 끌었어요. 내부로 들어서니 꽤나 깔끔하게 준비된 인테리어가 인상적이었어요.
특히 테이블마다 칸막이가 쳐져 있어 더욱 위생적이게 보였죠. 한켠에는 셀프바가 위생적으로 준비되어 있었답니다.
눈치 안보이면서 밑반찬도 듬뿍 먹을 수 있겠다 싶어 괜시리 기대가 되기 시작했어요. 얼른 자리를 잡고 앉아 다소 소박한 구로디지털단지역 맛집의 메뉴판을 살펴보았어요.
저희는 망설이지 않고 제주 특수부위 무한리필을 주문했답니다. 곧 이어서 높게 탑을 쌓아져 나오는 고기들이 나오는데 하나같이 먹음직스럽게 손질이 되어 나와 모두의 시선이 쏠리기 시작했어요. 자세히 들여다보니 고기의 품질이 생각했던 것 보다 신선하고 뛰어나 놀랐답니다.
촉촉하고 선명한 색감을 띄고 있어 군침이 돌았죠. 곧 이어 기본찬들에 손이 갔어요. 매콤한 양념장이 묻혀진 아삭한 오이김치는 입 안을 개운하고 입맛도 확 돋구어주었답니다. 특히 하나같이 실속있는 찬들로 구성되어 있는 구로디지털단지역 맛집이어서 센스가 느껴졌어요.
느끼함을 싹 잡아주는 개운한 것들이 인상깊었어요. 얇은 피아노줄 같은 불판 위로 먹음직스러운 고기들을 듬뿍 올려 구워주기 시작했어요.
뜨끈한 숯의 불향이 제대로 머금어지기 시작했죠. 특히 불판 자체가 워낙 얇아서 그런지 숯의 불향이 제대로 스며들었어요.
그래서 그런가 고기의 풍미 자체가 감칠맛이 뛰어나더라고요. 노릇하게 잘 익은 고기는 연신 입안으로 직행했죠.
모두가 대화를 하는 걸 잊을 정도로 정신없이 식사를 하기 시작했답니다. 어느새 먹음직스럽게 구워진 고기들은 더 이상 타지 않게 밀어두고 본격적인 식사를 시작했어요.
하나같이 쫄깃하고 부드러움이 가득해 남달랐어요. 특히 함께 나온 버섯이나 쌈 채소들을 곁들여 먹으면 더욱 풍미가 좋았는데요.
구로디지털단지역 맛집답게 재료들도 하나같이 신선함이 남달랐죠. 특수부위는 먹음직스럽게 손질이 되어 있어 구워먹는 재미가 쏠쏠했답니다.
꼬들거리는 살들은 육즙 가득해 입 안을 기분좋게 적셨어요. 잘 익은 고기는 쌈채소에 곁들여 먹으면 입 안 가득 느껴지는 프래쉬함과 고소함을 잔뜩 음미 해 주었답니다. 기본으로 나오는 찌개는 그 자리에서 바로 끓여주었어요.
은근히 깊고 구수한 맛이 느껴져 입가심으로 딱이었죠. 특히 불 위에서 같이 볶아낸 김치는 구로디지털단지역 맛집에서 은근한 감초 역할을 해 주었고 새콤달콤함이 기름기를 싹 가셔주었답니다. 고기 자체의 품질이 워낙 뛰어나 리필을 해 먹어도 물리지 않았어요.
신선도가 그대로 맛으로 전달되어 박수가 절로 나왔죠. 추가로 주문한 시원한 냉면은 진한 육수가 일품이었어요.
국물 한 입 후루룩 마셔보자 새콤달콤한 맛이 진하게 느껴졌어요. 쫄깃한 면과 곁들여 먹어주니 입 안이 깔끔하게 정돈이 되는 듯 했죠.
입맛 까다로운 친구들도 전부 인정할 정도의 맛이었답니다. 추가로 주문한 매콤한 양념장이 두둑한 냉면은 보기만 해도 군침이 돌았어요.
구로디지털단지역 맛집의 대미를 장식해주었어요. 고소한 계란부터 건져먹은 후 속을 달래고 매콤달콤한 양념을 잘 비벼 먹어주니 은근한 중독성이 느껴져 연신 손이 갔죠. 마지막엔 두툼한 흑돼지 껍데기로 마무리를 해 주었는데 벌집 칼집이 나있어 더욱 바삭하게 즐길 수 있었어요. 잘 구워진 것들은 입 안에 넣자 쫄깃하고 탱글거리는 맛이 가득 느껴져 절로 미소가 지어졌답니다. 고소한 콩고물에 찍어먹으며 배 부른 구로디지털단지역 맛집의 식사를 마무리 해 주었어요. 제대로 된 인도식 커리를 맛볼 수 있는 곳이에요.
이국적인 분위기에 짭쪼름하면서도 풍밍 깊은 커리는 별미라 밥 도둑이 따로 없어요. 식사 후 입가심으로 자주 찾는 카페에요.
특히 브런치 종류가 꽤 다양한 곳이라 브런치 메뉴를 즐기러 오시는 분들도 상당하죠. 모르는 사람이 없는 품격있는 중식당을 점심에 방문했어요.
기름기 없이 느끼하지 않는 깔끔한 코스 요리는 속을 든든히 채워주었어요. 이 근방에서는 합리적인 가격에 회전초밥을 즐길 수 있는 곳이에요.
초밥 생각날 때 부담없이 찾는 곳인데 맛도 꽤나 깔끔하고 군더더기 없답니다. "
9,특미였던 구로디지털단지역 맛집 모음,"래비싱
(valen7514)",2021. 10. 8. 8:00,"지난 주 절친을 만나러 갔다가 미리 찾아본 구로디지털단지역 맛집에 방문했어요.
두툼한 흑돼지에 김치찌개국밥 등 음식에 반주까지 곁들이기 좋은 곳이라 소개해볼게요. 주소: 서울 구로구 디지털로32다길 15 영우빌딩
전화번호: 02-863-7898
영업시간: 매일 16:30-01:00
메뉴: 흑돼지 근고기 54,000원 / 김치찌개국밥 9,000원 이 날 찾아간 김돈이는 깔깔거리에서 빠른 걸음으로 1분이면 도착할 수 있었어요.
검정색 간판에 하얀 네온사인이 멀리서도 눈에 띄어 바로 찾을 수 있었어요. 안쪽으로 발걸음을 옮겨보니 구로디지털단지역 맛집의 내부 홀이 펼쳐졌어요.
기다란 환풍시설로 쾌적한 환경이라 찾아온 보람이 있었어요. 안내받은 자리에 착석해서 메뉴판을 정독하기 시작했는데요.
저희는 흑돼지 한 근과 사이드 메뉴까지 푸짐하게 주문을 했습니다. 먼저 뜨겁게 달궈진 구공탄을 올려주셨어요.
그 뒤로는 기본 반찬들과 신선도 높은 육류까지 생각보다 금세 테이블을 채워주었어요. 식전에 빨갛게 무쳐낸 파절이로 워밍업을 시작해 보았어요.
대파의 아삭한 식감이 얇게 채썰려 있어서 더 맛이 잘 느껴지니 입맛을 돋구어주더라고요. 매운 음식을 잘 먹지 못하는 저한테도 잘 맞았던 김치예요.
너무 과하게 익지 않아서 기름진 맛을 한 방에 잡아주었어요. 구로디지털단지역 맛집 주인장의 음식솜씨도 살펴볼 수 있었던 명이나물도 일품이었어요.
혀끝에서부터 오는 부드러운 촉감과 짜지 않은 양념이 취향저격이었어요. 그리고 살얼음이 동동 떠있는 동치미도 있었는데요.
기름진 음식을 먹고나니 먹으니 몸속까지 전부 개운해지는 느낌이 들었답니다. 흑돼지 하면 빠질 수 없는 멜젓도 불판위에 올려졌는데요.
청양고추도 송송 썰어넣어 고소하면서도 매콤함이 일품이었어요. 드디어 기대했던 흑돼지에 시선이 향했어요.
생고기 그대로 나오는데 두께가 어마해서 여자 셋이 먹기에도 충분했던 양이예요. 달궈진 불판 위로 목살부터 올려주었는데요.
구공탄의 화력이 워낙 세서 육즙이 빠져나가기도 전에 겉면을 바싹 익혔어요. 갈색 빛깔로 변하면 구로디지털단지역 맛집 직원분께서 손질을 도와주시는데요.
먹기 좋은 크기로 적당하게 잘라 속까지 잘 익혀주었어요. 노릇하게 잘 구워진 목살을 한 점 집어서 맛보았어요.
부드러운 식감이었는데 그 안에 육즙을 말도 못하게 가득해서 예사롭지 않음을 직감했어요. 보글보글 끓어오르는 멜젓에 한 번 찍어서 먹어봤어요.
고소함이 두 배가 되는 특제소스라 그 조합이 가장 좋았어요. 이번에는 따끈하게 끓어나온 된장찌개도 한 입 해보았어요.
구수한 냄새가 코 끝을 찔러 곧장 수저를 들어올렸어요. 망설임 없이 한수저 크게 떠보았는데 먹기 좋게 썰려있는 두부와 살이 제대로 차오른 꽃게까지 육수가 깊어 괜히 구로디지털단지역 맛집이 아니구나 했어요. 뒤이어 기대감이 높았던 오겹살을 달궈진 불판에 그대로 올려주었어요.
그릴자국까지 선명하게 남아 있어서 훨씬 먹음직스러운 비주얼이었답니다. 이번 타임에도 직원 분이 친절하게 다 굽고 커팅해주시더라고요.
어찌나 정성스럽게 구워주시던지 일행 모두 엄지를 척 들어올렸어요. 비로소 갈색옷으로 갈아입은 고기를 시식해보았는데요.
지방에서부터 흥건하게 퍼지는 꼬수운 맛은 그야말로 황홀 그 자체였어요. 게다가 육즙량이 풍부해서 식은 후에도 질겨지지 않았고요.
쫀득함과 야들함을 모두 소유한 구로디지털단지역 맛집 오겹살을 먹을 때마다 칭찬이 쏟아졌어요. 이와 같이 술은 근고기와 합이 좋은 한라산으로 시켰는데요. 곧장 원샷을 하자마자 쌉싸름하면서도 청량함이 몰려왔고 기분 좋게 한 잔씩 즐기니 회포를 푸는 즐거움이 두 배 였어요. 끝으로 식사 메뉴 중 제일 끌렸던 김치찌개국밥을 추가했어요.
어찌나 푸짐하게 주셨는지 큼지막한 양푼이 냄비가 넘칠랑 말랑 했어요. 뿐만 아니라 갖은 재료를 풍족하게 넣고 조리해주셨더라고요.
떠먹어보니 매콤 칼칼했고 고기와 밥이 잔뜩 들어가있어 포만감이 장난 아니었어요. 식사 마무리까지 질릴 틈이 없었던 구로디지털단지역 맛집이라 다음에 근처에 근처에 방문하게 되면 무조건 다시 찾을 생각이예요. 주소: 서울 구로구 디지털로33길 27 1층 106호
전화번호: 02-6953-7909
영업시간: 매일 07:00-20:00 / 주말 11:30-19:30
메뉴: 파라노이드 라떼 5,300원 / 크레마 디 밀크니 4,800원
이후 구로디지털단지역 3번 출구 근처 파라노이드 카페에서 후식타임을 가졌어요.
단맛이 강한 크림폼이 수북히 올라간 파라노이드 라떼가 시그니처 음료였고요.
여기에 바닐라아이스크림을 올려주는 프랑스 정통 크로와상 생지 크로플 (8,900원)이 이 라떼와도 잘 어울렸어요. 주소: 서울 구로구 디지털로34길 55 코오롱싸이언스밸리2차
전화번호: 02-866-9826
영업시간: 매일 10:30-21:00
메뉴: 우렁쌈밥 7,000원 / 소고기국밥 6,000원
깔깔거리 먹자골목에서 도보 5분 거리에 자리한 토담집은 가성비 좋은 한식집이예요.
7천원짜리 우렁쌈밥을 시켰더니 삶은 양배추, 마늘쫑, 당귀, 케일, 상추를 비롯한 쌈채소를 잔뜩 주셔서 웰빙 식사를 배터지게 하고 왔답니다. 주소: 서울 구로구 디지털로34길 55
전화번호: 02-866-6375
영업시간: 매일 10:00-22:00 (주말 21:30 마감)
메뉴: 설렁탕 8,000원 / 도가니탕 15,000원
따끈한 국물이 떙겨 방문한 설담재 구로점은 15년된 설렁탕 전문점인데요.
호주산 양지와 사골이 들어간 설렁탕에 4천원만 추가하면 수육과 도가니 한 접시가 나와서 몸보신으로 제격이었죠. 주소: 서울 구로구 디지털로 288
전화번호: 0507-1336-7918
영업시간: 전화문의
메뉴: 등심가츠 11,000원 / 은보스프카레 5,000원
은보가츠는 돈가스 전문점으로 구로남초등학교에서 도보 500m 인근에 위치해 있었어요.
등심가츠를 시키면 10조각으로 컷팅을 해서 주시는데 국내산 한돈에 걸맞게 누린내가 없었고 소스를 따로 주셔서 바삭함이 살아있었어요.
#구로디지털단지맛집 #김돈이 "
10,진리였던 구로디지털단지역 맛집,BlackRabbit,2021. 10. 6. 19:00,"지난주 금요일 친구들과 함께 저녁을 먹을 겸
참치 무한리필 전문점으로 유명한 
구로디지털단지역 맛집에 다녀왔어요. 
품질이 뛰어난 참치는 물론이고
푸짐한 스끼다시까지 모두가 
대만족했던 곳이라 소개할게요. 
1. 황제참치
주소 : 서울특별시 구로구 디지털로32나길 12
전화번호 : 02-856-3323
영업시간 : 매일 11:00 ~ 02:00
혼마구로 35,000원 저희들이 방문한 식당은
구로디지털단지역에서 도보 2분이면 도착했는데요. 
참치모양이 그려진 검은색 간판이라서 
찾아내는데 큰 어려움은 없더라고요.  가게 앞에는 영업시간이 적혀있었어요. 
오전 11시부터 새벽 2시까지 운영이라니
참고해두시면 편하실거에요.  입구에는 손소독제와 온도계가 
놓여있었는데요. 
코로나 방역수칙을 잘 지키는 
구로디지털단지역 맛집이라서 
위생적인 부분에서 신뢰감이 생기더라고요. 안으로 들어서면 고급스러운 분위기의
인테리어를 마주하게 되었어요.
바닥의 소재부터 밝은 조명까지 신경을
많이 쓰신 느낌이라 마음에 쏙 들었어요. 그런가하면 200평 정도되는 큰 규모를
자랑했는데요. 테이블의 갯수도 많은데다
자리의 간격도 넓어서 쾌적하더라고요. 한켠에는 다찌 테이블이 놓여있었는데,
분위기가 좋아서 데이트나 혼술을 
즐기기에도 손색이 없어보였어요.  몇발자국 옮겨보면 룸들이 위치해있는
넓은 복도를 마주하게 되었는데요.
인원수 별로 방 사이즈도 제각각이라 
고르는 즐거움이 가득하더라고요. 우선 8명에서 즐길수 있는 룸부터 살폈어요.
방음도 잘 되는데다 개별 에어컨도 달려있어
모임이나 회식을 즐기기에도 제격이었어요. 이어 소형룸도 한번 둘러보았는데요. 
중간에 파티션을 제거하면 20~30명까지
수용가능하다니 놀랍더라고요. 구경을 마친 뒤 앉아 메뉴판을 살폈어요.
기본(29,000원)부터 로얄(80,000원)까지
다양한 코스를 판매해서 구미가 당겼어요.
저희는 한참의 고민끝에 중간급인 
특(39,000원)으로 시켜주었답니다. 주문을 마치고선 10분정도 지나면 상차림이
하나씩 차려지기 시작했는데요.
일반적인 참치집에 비해 스끼다시가 
푸짐한 편이라 구로디지털단지역 맛집까지 
찾아온 보람이 느껴지더라고요.  먼저 속을 달래줄 식전죽부터 맛보았어요.
흑임자를 갈아넣었는지 고소한 냄새가
솔솔 풍겨서 자꾸만 손이 갔어요. 연이어 미소된장국도 한숟갈 떠먹는데요.
주문과 동시에 끓여주셨는지 
국물의 풍미가 예술이더라고요. 다음은 촉촉하게 젖은 명이나물을
한장 떼어냈어요. 국내산이라 그런지 
질기지 않고 부드러워서 맛있었어요. 옆쪽에는 오이와 마늘쫑이 놓여있었는데요.
식재료 관리가 잘하시는지 아삭한 식감이
고스란히 살아있어서 곁들이기 좋더라고요. 이건 개인적으로 맛있게 먹었던 반찬이에요.
타코 와사비, 마늘장아찌, 시소노미구라게,
참치내장 젓갈등 감칠맛 넘치는 구성이라 
왜 구로디지털단지역 맛집이 인기가 많은지
이유를 알겠더라고요.  이외에도 간장새우를 접시에 담아 내어주셨어요.
제철을 맞은 새우로만 담궈내서 
비린내 없이 살이 톡톡 터져서 맛있었어요. 어느정도 먹다보면 참치초밥도 나오는데요. 
회를 두툼하게 썰어주셔서 입안을 꽉 
채우는 부피감에 미소가 지어지더라고요. 그냥 먹어줘도 맛있지만 간장을 
곁들여주면 완전 별미였어요. 
특유의 감칠맛과 밥알의 쫀득함이 
어우러져서 감탄이 절로 나왔어요.  이어서는 구로디지털단지역 맛집의 
특 참치회를 맛 볼 차례였는데요. 
가격과 어울리지 않는 고급 부위로만 
제공해주셔서 만족도가 높더라고요. 먼저 참다랑어 꼬리부위부터 먹어봤어요. 
기본적인 횟감과는 다르게 힘줄이 
꼬들꼬들하게 씹혀서 이색적이었어요. 이어서 맛 본 적신은 살코기만 가득해서 
담백함이 일품이었는데요. 
느끼하지 않고 말랑말랑한 식감이라 
씹는 재미가 쏠쏠하더라고요. 다음으로는 새하얀 배꼽살을 먹어봤어요. 
신선한 참치만을 사용하셨는지 마블링이 
선명해서 구로디지털단지역 맛집으로 
인정해주고 싶은 맛이었어요.  뿐만 아니라 오도로와 가마도로도 
챙겨주시는데요. 품질도 좋은데다 
해동도 잘 되어있어 입안에서 
살살 녹아내리더라고요.  이번에는 반찬을 곁들여서 먹어봤는데, 
종류가 다양해서 쉽게 질리지 않았어요. 슬슬 식사로 넘어와서 은행마늘 구이를 
한입했는데요. 국산 식재료만을 엄선해서
향내음이 기가 막히더라고요.  이어선 참치조림에 도전했는데요. 
장시간 졸여냈는지 양념이 깊숙히
베여있어서 밥도둑이 따로 없더라고요.  다음으론 토마토로 만든 요리가 등장했어요. 
해파리를 포함한 여러가지 해산물이 
들어있어서 취향저격 제대로였네요.  숟가락으로 싹싹 긁어모아 한입했는데요. 
재료 본연의 식감과 풍미가 고스란히 
전달되서 요리실력을 인정해주고 싶더라고요. 이번엔 고급요리인 메로구이가 서비스로 나왔어요.
껍질은 바삭한데 비해 살은 야들야들해서 
술안주로 먹기에도 부족함이 없었네요.  함께 나온 새우튀김도 후식으론 완벽했는데요.
높은 온도에서 잘 튀겨냈는지 속안까지 
담백해서 엄지가 절로 세워지더라고요.  게다가 마지막 요리였던 파프리카 홍합볶음도
인상깊었는데요. 진하게 풍겨오는 바다향이 
골고루 베여있어 젓가락질이 빨라지더라고요. 마무리는 살얼음 동동 띄어진 메밀소바였어요.
메밀의 농도가 높아서 은은한 메밀향과
찰진 면발이 기억에도 오래 남았어요. 그렇게 참치의 품질부터 스끼다시까지 
모든것이 만족스러웠던 
구로디지털단지역 맛집이라 
다음에도 재 방문 해볼 예정이에요.
2. 큰기와집
주소 : 서울 종로구 북촌로 20-7
전화번호 : 02-722-9024
영업시간 : 11:30 ~ 21:00
간장게장 50,000원 재동초등학교 삼거리에 위치한 300년 전통의 
간장게장 전문점인 큰기와집은 
수요미식회 17회차에 소개되었던 곳인데요.
서산에서 공수해온 싱싱한 암꽃게를 선별해서
간장게장을 담그시는데, 씨알이 크고 비린내가
적다는게  특징이더라고요. 
3. 미림산장
주소 : 서울 강북구 삼양로 181길 253
전화번호 : 02-993-3330
영업시간 : 매일 10:30 ~ 22:30 
<연중무휴>
토종닭백숙 65,000원 우이동 계곡에서 차량 2분 거리의 오래된 닭백숙집인
미림산장은 생생정보통 121회에 출연했던 가게에요.
직접 기른 토종닭을 사용해서 닭백숙을 만드는데
육질이 연하고 부드러워서 인상적이더라고요.
4. 도우룸
주소 : 서울 서초구 방배로 797-20
전화번호 : 02-535-9386
영업시간 : 11:30 ~ 22:00
런치코스 43,000원 서초소방서 인근에 유명한 이탈리아 레스토랑인 
도우룸은 생방송투데이 2665회차에 방영되었어요. 
매일 아침마다 손반죽으로 만들어낸 생면에
수제 소스를 넣고 볶아낸 파스타는 
요리의 완성도가 굉장히 높았어요.
5. 뒤뜰
주소 : 서울 구로구 안양천로 539길 6
전화번호 : 0507-1306-1973
영업시간 : 11:30 ~ 22:30
장어한상 <변동> 갈산공원 정문에 자리한 장어집인 뒤뜰은
생방송오늘저녁 340회에서 극찬을 받았는데요.
국내산 자포니카 장어를 참숯에 구워주셔서
풍부한 지방과 은은한 숯향이 장점이더라고요. "
11,구로디지털단지역 맛집 구디 매머드커피,달콤이,2021. 11. 9. 10:07,"요즘 어제 오늘 계속 비가 내리니까
뭔가 몸도 무거워지고 소화도 잘 안되는 느낌?!
그래서 출근길에 커피를 마시려고 구디 매머드커피에 들렀어요.   구로디지털단지 맛집 매머드 커피는
구로디지털단지역 3번출구에서 도보 3분정도?
엄청 가까운 거리에 위치해있어요.
  매장 바깥에 이렇게 무인 결제기가 있으니 
이걸 이용해서 출퇴근길에 커피를
빠르게 구매 가능하지요~ 아메리카노는 제일 작은사이즈가
한잔에 900원 이더라구요. 
저는 카페인이 너무 필요하기에....
이것보다 큰 사이즈 m 으로 1400원짜리
커피를 주문했습니다. 비가 넘나 많이 내려서 
매장 안에 들어가서 대기표를 받고 
기다렸는데요, 손님들이 많아서 조금
기다려야 했지요~ 
매장 안에도 키오스크가 있네용?!
카운터 대신에 내외부 무인결제 시스템을 
이용하는것 같더라구요. 매머드커피 사이즈는 이렇게
보기 쉽게 진열되어 있더라구요.
s m ㅣ사이즈까지 !!! ""865번 손님 음료 나왔습니다 ~""
제 번호를 부르시네용.
얼른 가서 커피를 가져왔지용.  제가 주문한 아이스아메리카노 
m사이즈 1400원 !
사이즈가 은근 커서 커피 좀 
많이 마시고 싶으시다 하면  m사이즈
주문해도 충분한것 같아요. 매머드커피의 맛은 
산미는 거의 느껴지지 않는
고소하고 다크한 풍미의 커피에요.
산미 없는 커피를 좋아하는 분들에게 
저렴하게 마시기 좋은 커피로 아주 강추하는
구로디지털단지역 맛집 매머드커피 입니당. "
12,극찬했던 구로디지털단지역 맛집 리스트,슈달,2021. 11. 8. 18:37,"지난 주 친구들과 함께 집 근처에서 모였다가 점심먹으러 구로디지털단지역 맛집에 찾아갔어요.
신선한 해산물만 취급해서 비린내없는 요리를 푸짐하게 즐길 수 있었던 곳이라 소개해봐요!
1. 상무초밥 구로디지털점
메뉴 : 모듬스시 11,000원 / 오늘의스시 15,000원 주소 : 서울특별시 관악구 시흥대로 568 1층
번호 : 02-859-3339
영업시간 : 매일 11:00 - 23:00 이날 찾아갔던 상무초밥 구로디지털점은 구로 이마트점에서 차로 5분이면 도착했어요.
구로디지털단지역에서도 굉장히 가까운 거리라 걸어서 가기에도 무리가 없을 것 같았어요. 매장 입구에는 영업시간 안내판도 걸려있어서 확인해봤어요.
매일 오전 11시부터 오후 11시까지 운영한다니 늦은 저녁식사 하러 가기에도 괜찮아보였죠. 곧장 구로디지털단지역 맛집 안으로 입장해보면 테이블링 시스템 기계가 세워져있더라구요.
웨이팅시에도 앞에 몇 팀이 있는지 알림이 오니까 맘편하게 기다릴 수 있었어요. 그 옆쪽으로는 대기석도 여러개 마련되어 있었답니다.
요즘은 거리두기때문에 띄어앉아야했지만 자리가 넉넉해서 편하게 앉아있을 수 있었어요. 조금 기다리고 있으니 직원분께서 안 쪽으로 안내해주셨는데요.
규모도 크고 직원분들께서 모두 마스크와 유니폼을 꼼꼼하게 챙기고 계셔서
위생적인 부분도 합격이었답니다. 게다가 주방은 오픈형으로 뚫려있어서 조리하는 모습도 구경할 수 있었어요.
한 눈에 봐도 주방이 청결해보였고 위생을 생각하며 조리하시는 모습에 안심이었네요. 한켠에는 베이비체어도 여러개씩 쌓여있더라구요.
직원분들께서 수시로 소독하고 있는 모습에 아이 데리고 가기에도 좋아보였어요. 안내받은 자리에 앉으니 테이블에 있는 생화장식이 눈에 띄었어요.
자리마다 조금씩 다른 색상의 꽃이 꽂혀있으니 분위기가 한층 살아나는 듯 했구요. 그와 함께 구로디지털단지역 맛집 기본반찬들이 미리 구비되어 있더라구요.
일일히 요청드리지 않아도 자리에서 바로 리필이 가능하니 훨씬 편했답니다. 이어서 나눠주신 메뉴판을 꼼꼼하게 살펴봤어요~
단품부터 모듬, 사이드까지 다양했는데
저희는 초밥부터 사시미까지 푸짐하게 주문해봤답니다. 얼마 지나지 않아 테이블 위에 빈틈없이 주문했던 메뉴가 차려졌어요.
커다란 테이블이 꽉 차는 푸짐함과 알록달록한 비주얼에 얼른 먹을 채비를 마쳤답니다..! 가장 먼저 묵은지 김치부터 집어봤어요.
매운기를 쫙 빼낸 후 고소한 참기름에 버무려낸거라 새콤고소한 풍미가 입맛을 돋궈주었어요~ 이어서 초밥 먹을 때 빠지면 아쉬운 락교도 입에 쏙 넣어봤답니다.
아작하게 씹히면서 알싸한 맛이 입 안에 퍼져 입 안에 텁텁할 때마다 집어먹었어요. 구로디지털단지역 맛집에서는 기본으로 메밀소바를 내어주시더라구요.
간 무와 생와사비를 입맛에 맞게 육수에 섞어 먹을 수 있으니 취향에 맞게 먹는 재미가 있었구요. 옆에 놓여진 연어초밥부터 선점해봤어요.
사과와 양파를 갈아낸 타르타르 소스가 곁들여져 있어서 비린맛이 없으니 순식간에 먹어치웠어요. 이어서 소고기불초밥도 눈여겨봤는데요,
육질이 보드라운 소고기 위에 달콤한 데리야끼 소스, 쪽파까지 올려주시니
고급 스테이크 부럽지 않더라구요~ 이번에는 구로디지털단지역 맛집의 스시 오마카세로 시선을 돌려봤어요~
커다란 고급 접시 위에 14가지 종류의 초밥이 올라가 있어서 여럿이서 나눠먹기에도 제격이었어요. 연달아 집어 본 구운연어초밥은 겉면만 살짝 구워낸거라서 그런지
겉은 부드럽고 속은 쫀득쫀득한 질감이라 색다른 식감을 선사해주더라구요. 옆에 있던 간장새우도 냉큼 젓가락으로 집어올렸어요.
생새우를 간장에 달큰하게 절여낸거라 탱글한 텍스쳐가 딱 제 입맛이더라구요. 한편 윤기가 반질반질한 장어초밥도 눈길을 이끌었어요.
불향을 입혀 구워낸 장어에 초대리 밥의 비율까지 적당하니 엄지가 척 세워졌답니다. 빡빡 씻어낸 묵은지를 올린 광어초밥도 별미였는데요.
무난한 광어살에 새콤한 묵은지가 곁들여지니 결코 평범하지가 않더라구요! 구로디지털단지역 맛집 식사 중간에는 뜨끈한 국물이 생각나 우동 한 그릇을 추가했어요!
통통한 면발에 짭짤한 가쓰오 육수, 고급 어묵까지 푸짐하니 요즘같은 날씨에 딱 잘 어울리더라구요. 다음은 화려한 플레이팅의 사시미 오마카세가 자리하고 있었는데요.
광어와 연어는 물론 참치, 한치, 초새우, 전복 등 각종 해산물의 향연이 이어졌답니다~ 마지막 한 입은 아껴두었던 참치뱃살로 장식해봤어요.
기름기가 적어 담백했고 금가루까지 뿌려져있으니 대접받는 기분 제대로 누렸네요. 식사가 끝날 때 쯤 후식으로 매실차를 내어주셨는데요.
달콤하고 시원한 매실차 안에 파인애플 한 조각까지 더부룩했던 속을 멀끔하게 씻어줬답니다. 비교적 저렴한 금액대로 고급스러운 초밥과 사시미를 즐길 수 있었던 구로디지털단지역 맛집이었어요.
분위기는 물론 서비스까지 괜찮아서 다음엔 부모님 모시고 찾아가려구요.
2. 라운지엑스 구로점
메뉴 : 로봇드립커피 5,000원 / 아메리카노 4,500원 주소 : 서울 구로구 구로중앙로 152
번호 : 02-6923-2165
영업시간 : 매일 10:30 - 21:00
식사를 마친 후에는 커피 한 잔 하러 라운지엑스에 방문했어요.
로봇이 로스팅해서 내리는 커피는 약간의 산미가 들어가 풍미가 깊었고
신기한 구경도 하고 모던한 인테리어도 마음에 들어서 좋은 추억 남길 수 있었답니다.
3. 양키스버거
메뉴 : 문래버거 8,900원 / 더블치즈버거 7,900원 주소 : 서울 영등포구 도림로 434-1
번호 : 070-7758-6263
영업시간 : 매일 11:40 - 22:00
살짝 출출할 때 방문하기 딱 좋은 양키스버거에도 들렀어요.
수제버거 전문점이라 패티는 물론 빵과 소스까지 모두 수제로 만들어냈는데
각종 야채가 잔뜩 들어가서 패스트푸드라는 느낌이 전혀 들지 않더라구요.
4. 이조손칼국수
메뉴 : 해물칼국수 8,000원 / 버섯매운탕칼국수 10,000원 주소 : 서울 구로구 공원로7길 22
번호 : 0507-1364-2633
영업시간 : 매일 11:00 - 21:00 일요일 휴무
요즘같이 쌀쌀한 날씨에 생각나는 칼국수 전문점도 있어서 찾아갔어요.
34년동안 한 자리를 지켜가며 운영하셨던 노하우가 깃들어있는 곳이었는데
깔끔하고 청결한 내부는 물론이고 깊은 국물의 맛과 쫀득한 면발까지 우수했답니다.
5. 라마노피자
메뉴 : 마르게리따 10,900원 / 까르보나라 11,900원 주소 : 서울 구로구 디지털로34길 55
번호 : 0507-1435-2830
영업시간 : 매일 11:00 - 21:00
마지막으로 집에 가기 전 포장하러 들렸던 라마노피자는 피자 전문점이에요.
30분정도 웨이팅은 기본일 정도로 입소문 자자한 곳이었는데
겉은 바삭하고 속은 쫀득한 도우위에 치즈와 소스를 푸짐하게 올린 마르게리따가 시그니처였답니다."
14,순정이 있는 구로디지털단지역 맛집 리스트,해피로미,2021. 9. 8. 20:03,"지난주 늘 길게 웨이팅이 있어 궁금했던 
구로디지털단지역 맛집에 들러 
원조 닭갈비를 맛보고 왔어요!!!
신림동에서 20년 넘게 운영되고 있는 
서울 3대 닭갈비집인데 뉴트로 감성의 분위기에도 취할 수 있었어요.  깔깔거리에 위치한 신림춘천집은 
구디역 2번 출구로 나와 도보 3-4분이면 
도착할 수 있었어요!!
현대식 가옥같이 꾸려진 건물 외관은 얼핏 보기에 
한옥 카페 같은 느낌이라 분위기도 굉장히 좋았어요. 실내로 들어가 보니 점심시간 직장인을 위한 
서비스도 진행하고 있는 모습이 인상적이었어요.
도착 15분 전 미리 전화만 해두면 도착시간에 
맞춰 식사를 준비해 주셔서 
바쁜 시간을 단축할 수 있었어요. 우리는 낮 시간대에 찾아 웨이팅 없이 
바로 입장할 수 있었답니다.
건물 외관과 마찬가지로 실내도 뉴트로 감성이 가득한 구로디지털단지역 맛집이어서
 고깃집 같은 느낌이 없었어요. 홀 중앙에는 셀프바도 있어 밑반찬을 자유롭게 
가져다 먹을 수 있었어요.
식기류부터 모든 것이 깔끔하게 정돈된 모습을 보니 위생상태에 대해서도 걱정할 필요가 없을 듯했어요. 게다가 밑반찬의 종류도 굉장히 다양하다 보니 
취향껏 즐길 수 있었어요 :)
신선도 유지를 위해 수증기가 내뿜어지고 있어 
야채들도 시들시들하지 않고 신선함이 뛰어났어요. 채 썬 양배추는 가볍게 샐러드를 만들어 먹기에
 안성맞춤이었답니다!!
드레싱도 세 가지 종류로 준비되어 있어서
 취향에 따라 만들어 먹을 수 있어 좋았어요. 마요네즈에 버무린 고소한 마카로니 샐러드도 
중간중간 먹기에 안성맞춤이었어요+_+
옥수수도 들어있어 톡톡 터지는 식감도 매력적이었고 생각보다 느끼하지 않아 숟가락으로
 듬뿍 떠먹었어요. 주문했던 구로디지털단지역 맛집의 닭갈비는 
주방에서 조리를 완성해서 내어주셨어요.
본점과 달리 구디점에서는 무쇠주물판을 사용해 
양념이 더 깊고 진하게 베이게끔 해주시는 것이 
인상적이었어요. 가장 마음에 들었던 것은 잡내없이 
부드러운 닭고기였어요 :) 
퍽퍽한 가슴살은 전혀 사용하지 않고 매일 당일 
공급되는 신선한 다리 살만 사용해 입에서 
살살 녹았어요. 닭갈비를 먹을 때 빼놓을 수 없는 
막국수도 잊지 않고 주문했어요.
물/비빔 두 가지가 있었는데 확연히 다른 맛이었기에 같이 주문해 친구들과 나눠 먹었어요. 물 막국수는 육수 맛이 굉장히 좋았고 
입안에 청량감을 더해주는 느낌이었어요.
고명도 푸짐하게 올려주시기 때문에 
가격 대비 양도 많아 부족함 없이 넉넉하게
 즐길 수 있는 구로디지털단지역 맛집이었어요. 메밀면은 퍼지지 않고 탱글탱글했고 
부드러워 먹기 편했어요.
아삭한 식감을 더해주는 고명도 매력적이었고 
육수의 새콤한 맛이 입맛을 돋우어주기에도 
제격이었어요. 닭갈비에는 모듬 사리를 추가하면 훨씬 
더 푸짐하게 즐길 수 있었어요.
면 사리는 쫄면, 우동 중 선택할 수 있었고
 떡볶이 떡과 고구마까지 다양하게 들어있어 
골라 먹는 재미도 있었어요. 모듬 사리까지 맛있게 볶아지면 
그대로 먹을 수 있었답니다.
양배추에서 수분감이 나와서 그런지 
무쇠주물판에 쉽게 눌어붙지 않아 탄맛 없이 
고유의 맛을 즐길 수 있었어요. 비빔막국수는 양념의 달큰한 맛이 과하지 않아 
좋았는데요~!
땅콩분태도 듬뿍 뿌려주신 덕분에 중간중간 
오독하게 씹히며 입안을 채워주는 고소함이 
매력적이었어요. 닭갈비는 색깔은 빨갛지만 맵지 않아 부담 없이 
즐길 수 있는 구로디지털단지역 맛집이었어요.
입맛을 당기게끔 만들어주는 달큰한 맛 덕분인지 
먹을수록 구미가 당기는 느낌이라 계속 손이 갔어요. 신선한 쌈 야채에 쌈을 싸먹으면 보다 
풍성한 맛을 느낄 수 있었어요.
쫄면 사리가 쫄깃함도 더해주고 닭고기는 
퍽퍽하지 않고 부드러웠기 때문에 
남녀노소 누구나 좋아할 듯했어요. 새콤한 백김치를 곁들여 먹어도 조화롭게 
잘 어우러졌답니다.
메인메뉴의 양념 맛이 진한 편이어서 기본찬의 
구성은 자극적이지 않은 것들이라는 것도 좋았어요. 철판요리의 끝은 뭐니 뭐니 해도 
볶음밥이라 할 수 있어 빼놓지 않고 주문했어요.
김가루와 김치, 각종 야채를 밥과 함께 
즉석에서 볶아주시는데 현란한 손놀림을 
구경하는 재미도 쏠쏠했어요. 화룡점정으로 직접 짠 참기름까지 
한 바퀴 둘러주면 고소한 향이 일품이었어요!!
닭갈비의 양이 많은 편이었기 때문에 충분한 포만감이 있는 상태였는데도 다시금 군침이 삼켜졌어요. 직원분의 현란한 손놀림 아래 맛있게 
볶아지고 있는 볶음밥은 시선 강탈이었어요.
맛과 더불어 보는 즐거움까지 더해진
 구로디지털단지역 맛집이어서 
오감을 만족할 수 있었어요. 완성된 후에는 철판에 넓게 펴두고 
약불로 맞춰 살짝 눌러줬어요.
타닥타닥 소리가 날 때쯤 숟가락으로 긁어먹으면 
약간 누룽지 같은 맛도 느낄 수 있었어요. 가격대도 부담 없는 수준이었기 때문에
 푸짐하게 즐길 수 있었어요.
닭갈비의 종류도 몇 가지로 나뉘어 있으니 
취향대로 즐길 수 있고 사이드 메뉴의 
다양성도 좋았어요. 볶음밥은 향긋한 깻잎에 싸 먹어도 
조화롭게 잘 어우러졌어요.
마지막까지 알찬 구성으로 완벽한 포만감을 
더해줬기에 늘 줄 서서 먹는 
찐 맛집의 위엄이 느껴졌어요. 분위기와 맛, 가성비까지 모두 갖춰 매력이 
가득했던 구로디지털단지역 맛집이었어요.
직원분들의 에너지틱함과 친절한 서비스도 
좋았고 전반적으로 만족스러워 
100점 만점이 아깝지 않았어요. #구로디지털단지역 맛집
#신림춘천집구디점  최근 점심식사하러 방문한 홍주식당은 자가제면, 
육수까지 직접 끓이는 일본식 정통우동을 
맛볼 수 있는 곳이라 기억에 남아요. 
온우동과 냉우동으로 선택할 수 있었고 국물이 담백하면서도 깔끔해 든든하게 점심을 해결했답니다.  퇴근 후 지인들과 방문했던 라마노피자는 
부담스럽지 않은 이태리 가정식을 즐길 수 있는 곳이라 인상적이었어요. 편안한 분위기라 가볍게 술한잔 하기 좋았고 피자들은 화덕에 구운 나폴리식이라
 맥주와 찰떡궁합이었답니다.  오래전에 회식할 때 여러번 방문했었던 
등나무집은 방송에도 소개가 될 만큼 
소꼬리찜으로 인기가 많은 곳인데요. 
잡내없이 부드러운 꼬리수육에 진국의 설렁탕까지 이어 직장인들의 점심식사장소로도 최고랍니다.  마지막으로 소개하는 텐마루는 
구로디지털단지역에서 도보 5분거리였어요. 
일본식 이자카야인데, 다양한 종류의 사시미와 진한 창코나베는 내용물도 푸짐했고 특히 숙성사시미라 식감도 우수해 아직까지 기억에 남는 곳이랍니다. "
15,인정했던 구로디지털단지역 맛집 리스트 소개,"미란다숙
(cnflek)",2021. 10. 16. 19:25,"지난 주 친구들과 점심 한끼 하러
구로디지털단지역 맛집에 다녀오게 되었어요.
분위기 있던 고급진 공간에서 퀄리티 있는
양식들을 맛깔나게 즐길 수 있어 
소개해드릴게요. 주소 : 서울 구로구 디지털로32나길 17-23
전화번호 : 02 - 838 - 0877
영업시간 : 매일 15:00 ~ 17:00 
                 브레이크타임 매일 11:30 ~ 22:00
메뉴 : 루꼴라체리토마토 8,900원 우리가 갔었던 화양가옥은 구로디지털단지역
2번 출구에서 도보로 4분 정도 소요되었어요.
멋드러진 갈색 벽돌 건물이 단독으로 우뚝
솟아 있어 저멀리에서도 쉽게 눈에 띄었어요. 건물 앞에는 영업시간이 팻말로 세워져
있어 확인해봤어요.
매일 11시 30분 부터 저녁 10시까지 였고
브레이크 타임으로 오후 3시부터 5시까지
였으니 참고해주세요. 들어가는 길에는 고급스러운 분위기의
테라스까지 마련을 해뒀더라구요.
테이블을 편안하게 구비를 해둬 낭만적인
테이트 마저 즐길 수 있었어요. 또한 화장실로 가는 표시까지 확실하게
해뒀기 때문에 헤매지 않을 수 있어서
편했답니다. 내부로 들어가자 원목으로 꾸며진 엔틱한
분위기가 펼쳐졌는데요.
구로디지털단지역 맛집은 생각보다 더 넓은
공간이라 다른 사람들과 부딪칠 걱정을 하지
않아도 되었어요. 벽면에는 통창문을 통해 큼직하게 트여져
있어 탁트인 느낌 제대로 였구요.
채광까지 따스하게 잘 들어와 한층 더
고급스럽게 살려줬어요. 게다가 단체나 모임으로도 좋았던 테이블이
많아 다음에 꼭 이용해봐야지 싶었구요. 심지어 테이블 위에는 설문조사를
실시하고 있다는 팻말을 확인했는데요.
그만큼 고객들의 소리에 귀 기울인다는 것을
알 수 있어 감동이었어요. 저희도 곧장 자리에 앉아 메뉴판을
훑어봤어요.
그 중에서도 구로디지털단지역 맛집에서
가장 인기 있다는 경양식 돈까스 등
다양하게 선택해보기로 했어요. 제일 먼저 경양식 돈까스부터 살펴봤어요.
하루 50접시 한정 판매이며 런치에만
즐길 수 있을 정도로 핫한 메뉴였어요. 다음에 먹은 리코타치즈콥샐러드는 양이
굉장히 푸짐했는데요.
발사믹의 새콤한 맛도 입안 가득 퍼져
음식 먹는 중간마다 먹기 딱이었답니다. 돈까스는 얼른 먹기 좋은 크기로 쓱쓱
잘라주는데요. 별 힘들이지 않고 잘 잘리는
모습에 얼마나 부드러운 육질을 가졌는지
기대할 수 있었어요. 그대로 포크로 콕 찍어 한입 했는데요.
쫀득한 식감에다가 달짝지근한 양념소스에
반하게 되어 정신없이 흡임하게 되었어요. 독특했던 로마피자를 먹게 되었어요.
맨 위로 사워크림소스가 들어가 있어서
구로디지털단지역 맛집에서 여성분들에게도
가장 인기 있다고 들었어요. 그대로 한입 먹어보자 상큼한 방울토마토와
루꼴라, 사워크림소스가 한데 잘 어우러져
환상의 조합을 자랑했답니다. 다음에는 독특한 파스타를 먹어보기로 했어요.
면발이 독특하게 생긴 모습이었고 크림을
잘 머금고 있어 군침이 꿀떡 삼켜지게 되었어요. 숟가락으로 듬뿍 떠서 한 입에 넣어줬는데요.
넣자마자 탱글한 면발은 물론 크림이 많이
느끼하지 않아 입안 가득 고급미를 한껏 
발산해줬어요. 다음에 먹었던 차돌오일파스타도 그릇에
예쁘게 담겨 있었는데요.
차돌박이에 버섯 등 다양하게 들어가
풍미부터 남달랐구요. 면발은 어찌나 탱글한지 오랫동안 
이 식감을 유지해줘 먹는 내도록 행복했어요. 여기에 새우로제스파게티를 먹게 되었답니다.
다른 양식 가게와는 차별성 있게 새우의 양이
굉장히 듬뿍 들어갔더라구요. 여기에 또 로제 크림 파스타를 만들어
주셨기 때문에 누구든 부담없이 호로록 
할 수 있게 해줘 구로디지털단지역 맛집의
가성비로는 1등이었어요. 마지막에는 비주얼도 너무 예뻤던 
콰트로 치즈 피자에요.
견과류와 4가지의 치즈를 사용하여
풍부한 맛을 가질 수 있게 해줬답니다. 먹기 좋은 크기로 잘라 한 입에 쏙 넣어
우물우물 해봤는데요.
치즈의 풍미가 굉장히 깊었지만 느끼하지 않아
제 입맛에 딱이었어요. 게다가 크기도 딱 적당했기 때문에
여러명이서 나눠먹기에도 제격이었어요. 마지막에는 구로디지털단지역 맛집에서
주는 젤라또를 먹으며 입가심도 끝내게
되었어요. 시원하면서 달콤한 게 입 안을
개운하게 만들어 따로 카페를 가지 않아도
될 정도였어요. 오랜만에 제대로 된 양식을 찾은 것 같아
굉장히 신났는데요. 조만간 가족들과도
외식하러 구로디지털단지역 맛집에 찾아
와보려고 한답니다.  주소 : 서울 구로구 디지털로32나길 11
영업시간 : 매일 15:00 ~ 03:00              
메뉴가격 : 맞춤전 20,000원, 오징어통전 15,000원
2TV생생정보 236회에도 출연한 바 있어
호기심에 찾아가본 춘자싸롱이에요.
옛스러움이 느껴지는 이색적 분위기에서
즐기는 막걸리와 전의 조합은 절로 기분까지
업시켜주었어요. 주소 : 서울 구로구 디지털로32나길 17-12 2층
영업시간 : 매일 17:00 ~ 02:00
전화번호 : 0507 - 1428 - 8711
메뉴 : 마을스시정식30PCS 30,000원
          타다끼모듬초밥 19,000원
소주와 일식이 생각날 때면 자주 찾는 곳이
김영태의 이자카야마을이에요.
룸이 있어 프라이빗하게 즐길 수 있는데다
쫀득한 횟감의 초밥도 안주로 최적이었어요. 주소 : 서울 구로구 디지털로33길 79 조영빌딩
영업시간 : 매일 10:00 ~ 21:30
전화번호 : 02 - 861 - 2929
메뉴가격 : 옛날우동 3,500원 냉모밀 5,000원
합리적인 가격으로 간단한 식사를 위해서는
역전우동0410만한 곳이 없어요.
따끈한 국물의 담백함은 단박에 속을
데워주는데다 쫀득한 면발까지 흠잡을 데
없는 가성비를 자랑했답니다. 주소 : 서울 구로구 디지털로32나길 27-8
전화번호 : 0507 - 1435 - 7115
메뉴가격 : 하몽멜론 15,000원
                 바질페스토파스타 18,000원
분위기를 내고 싶을때면 스윗와인앤커피가
적당했어요. 로맨틱한 분위기도 매력적이지만
안주에 맞게 페어링 해볼 수 있는 와인까지
취향저격이었어요.
끗."
16,구로디지털단지역맛집 샤오바오우육면구디점 진짜 대박!,밍구리,2021. 9. 14. 23:58,"몇 년 전 동생과 함께 떠났던 여행
그때는 금방 또다시 갈 수 있을 것 같았는데 ㅠㅠ 못 가니까 더 생각나는 거 있죠?
오늘 저녁은 동생과 함께 음식으로 여행을 떠나보자는 마음으로
구로디지털단지역맛집 샤오바오우육면 구디점에 다녀왔는데요
여기 진짜 찐맛탱 짠~ 오늘 저녁은 중국 여행 느낌으로~
요즘 정말 핫하다는 구디 줄 서서 먹는 맛집을 방문했어요
우육면, 꿔바로우, 샤오롱바오, 가지 튀김까지!
둘이서 아주 배 터지게 먹어보았는데요
여기 진짜... 앞으로도 자주 갈 것 같아요 구디역 3번 출구로 나와 깔깔거리를 지나 이마트 쪽으로 올라오면
길 건너에 지플러스타워를 어렵지 않게 찾을 수 있어요! 지플러스타워 지하 1층 110호에 위치하고 있는데
지하라고는 하지만 사실상 1층 같은 위치라 금방 찾으실 수 있답니다 영업시간은 매일 11시~21시 30분까지
자세한 주소와 위치 정보는 위에 첨부해드린 지도를 참고하시면 되겠습니다 일단 중국 음식을 먹으러 가면
청결하지 않을 것 같다는 생각이 드는데
여기 진짜 완전 깔끔!
환하고 깔끔한 내부 분위기에, 친절하신 직원분들이 참 마음에 들었어요
자리 간격도 넓고, 칸막이가 설치되어 있어서
보다 쾌적한 식사가 가능했답니다 대표 메뉴인 우육면 외에
다양한 면 요리와 밥, 그리고 중국 음식들을 먹어볼 수 있는데요
식사뿐만 아니라 퇴근하고 술 한잔하며 먹을 안주 종류도 있어 좋답니다~
한국 술은 기본! 중국 술과 음료도 판매하고 있어서
음식으로 여행 느낌 제대로 살릴 수 있고요~ 기호에 맞게 넣어 먹을 수 있는 고수와 라유
그리고 짜차이가 준비되어 있어요 저희 자매가 넘나 좋아하는 샤오롱바오!
사이드로 한 판 시켜보았는데요
한 판에 4개가 나오더라고요 뜨거우니까 살짝 찢어서
생강과 함께 간장에 콕 찍어 먹으면
입 안 가득 육즙 쫙~~~
  먼저 가장 유명한 우육면인데요
중국 란주 지역 150년 전통을 그대로 가져와 만들었다고 해요~
고수 같은 호불호 있는 재료는 따로 나오기 때문에
음식을 처음 접하시는 분들에게도 좋고요~ 크~~ 국물 최고!
얼큰하고 진한 국물 맛이 아주 일품이었는데요
괜히 구로디지털단지역맛집 이라고 유명한 게 아닌 것 같아요
한국 음식의 매운맛과는 또 다른 색다른 맛이 또 다른 재미를 주는데요
먹으면서 동생이랑 갔던 중국 여행, 대만 여행 생각이 솔솔 면은 기본 면과 도삭면 중에 고를 수 있는데
저희는 기본 면으로 먹었답니다
한 그릇에 면이 은근 많이 들어있어서 양도 딱 좋았는데요
텁텁하지 않은 국물에 통통한 면발, 거기에 고기까지!
알싸한 매운맛이 입안 가득~
참 맛있었답니다 매운맛도 좋지만 저는 맑은 탕도 궁금해서 하나 시켜보았어요!
맑은 탕이라고 해도 국물에서 은근하게 느껴지는 알싸한 매운맛이 살짝 있는데요
고기 육수의 느끼함을 잡아주는 맛이라 밸런스가 아주 좋더라고요 매운 국물과는 또 다른 맑은 맛이 아주 매력적!
시원~하고 깔끔한 느낌에 고기의 진한 맛이 더해져서 정말 맛있었습니다
술 마시고 해장하러 오면 너무 좋을 것 같은 맛~ 부들부들 푹~ 삶아진 고기가 제법 많이 들어있어서
면과 함께 씹는 재미 + 고소한 맛이 너무 좋았는데요
저는 중국에서 유학도 해서 중국음식을 잘 먹지만
동생은 강한 향신료는 별로 안 좋아하거든요~
여기는 나름 한국 사람 입맛에 맞게 향신료의 강도를 조절한 맛이라
아마 누가 드셔도 거부감 없이 맛있게 먹을 수 있을 것 같아요 호록호록~
요즘 저녁에 날씨가 제법 쌀쌀한데
뜨끈한 우육면 한 그릇에 몸이 사르르~~~
아무래도 직장인들이 많은 곳이라
점심에 오면 줄 서서 먹는 구로디지털단지역맛집이라고 하는데
점심 메뉴로도 우육면 진짜 넘넘 괜찮겠다 싶었어요 꿔바로우 ㅠㅠ 진짜 이거 너무 맛있는 거 아시죠?
갓 튀겨 나와서 바삭바삭~~~
이거 못 하는 집에 가면 튀김은 딱딱하고, 소스가 너무 달아서 거부감 드는데
여기는 잘 튀겨서 딱딱하지 않고, 소스도 제 입맛에는 잘 맞더라고요~ 중국음식 먹으러 가면
양도 많고 가격도 부담스러워서 자주 먹지 않았는데
여기는 중 사이즈가 있어서
9,000원에 먹을 수 있다는 것도 장점 같아요! 새콤달콤~ 동시에 느껴지는 소스에
겉은 바삭 속은 촉촉한 꿔바로우!
정말 너무 맛있었습니다 사실 둘이 먹기에 너무 많았지만
앞에 나온 음식들이 너무 맛있어서
이왕 온 거 한 번 먹어보자! 하고 주문한 가지 만두입니다
주문하고 나서 알았는데
이게 샤오바오우육면 구디점에서 가장 인기 있는 메뉴라고 하더라고요!? 엄~~~청 뜨거워서 조심해서 먹어야 하는데요
함께 나오는 소스에 같이 찍어 먹으면 진짜 대박....
이게 왜 인기 메뉴인지 먹자마자 단번에 알아버렸어요...
진심 존맛탱!
저희 남편님이 중국식 가지 요리를 참 좋아하는데
이거 먹으면서 어찌나 생각이 나던지 바삭바삭~ 고소한 튀김옷 안에
촉촉한 가지와 고기 등등이 들어가서
함께 씹어먹었을 때 진짜 맛의 대환장을 느낄 수 있어요
구로디지털단지역맛집 샤오바오우육면 구디점 가신다면 이 메뉴는 무조건 드셔보셔요 진짜! 우육면부터 다양한 요리들까지
전부 진짜 너무 마음에 쏙 들었는데요
저와 동생 모두 엄청 만족스러웠던 저녁식사였습니다
여러분들도 한 번 꼭 가보시길~~~~ "
17,"구로디지털단지역 맛집 여기가전집, 전이 바삭한 구디 술집","땅콩과 호두
(yo3ona)",2021. 10. 11. 17:53,"여기가전집
#구로디지털단지역맛집 #구디맛집
#구디술집 #구디전집 집에서 막걸리 마실 때
전 부쳐서 먹는 것을 조아하는데
어제 비가 와서
막걸리에 바삭바삭한 전이 땡기길래
급 작성하게 된
전 맛집 발굴 포스팅 지평막걸리 덕후인 친구가
강추해서 방문한
구로디지털단지역 맛집이자 구디 술집
❤ 여기가전집 ❤
이름이 여기가전집인 만큼
일단 김치전 하나에
육회 한 접시를 시키기로 했다 2차로 방문했기 때문에
메뉴를 나름 단출하게 시켰는데
여기가 전집은
세트 메뉴가 구성도 좋고
푸짐해서 그런지
대부분 모둠전과 그 외 메뉴를
시킨 분들이 많아 보였음
💛🤍💛
주문한 메뉴
육회 ( \ 16,000 )
김치전 ( \ 14,000 )
지평막걸리 n개 ...
💛🤍💛 들어오기 전
입구에서부터
눈길을 사로잡았던
노릇노릇하게 익어가는 전
친구가 맛집이라고
데려가지 않았어도
전 비주얼을 보고 들어갔을 듯 국민 막걸리 장수막걸리부터
지평 막걸리, 누룽지 막걸리,
내 최대 막걸리 중 하나인
느린마을 막걸리까지
다양한 종류의 막걸리를
판매 중이어서 좋았음 요즘 같은 코시국에
안심하고 술 마실 수 있도록
요런 칸막이가 있어서 좋았당
1차로 이미 술을 조금 마시고
여기가전집에 방문했는데
안주가 넘 맛있어서
급 사진을 찍다 보니
살짝 초점이 나가있어서
좀 아쉬움 흑흑 김치전
김치전에
치즈까지 뿌려져 있다?
치트키까지 썼는데
맛없을 수가 없다고요...
가장 자리는 바삭바삭하고
안쪽은 치즈가 뿌려져 있어서
촉촉 짭짤,, 하면서
존맛탱 치즈가 듬뿍 뿌려져 있어서
비주얼 폭발!!!
집에서 전 부쳐 먹으면 뭔가
눅눅하고 덜 바삭한 거 나만 그런가요..?
역시 전은 사 먹는 게 제일 맛있음 둘이서 1차로 전통주 두 병이랑
 파스타에 샐러드에 항정살 구이까지
싹싹 다 먹었는데
2차로 여기가 전집 와서
김치전 맛있다고 박수치면서
지평 막걸리에 전 한 판 다 먹음.. 기본 반찬은
무생채와 양파절임이었는데
개인적으로 아삭한
양파절임을 듬뿍 주는 전집이 좋음
양파절임이 자칫 느끼할 수도 있는
전맛을 싹 잡아주니까
요런 곁들임 반찬이랑 같이 먹으면
배로 맛있다구요 육회
전집인데
육회가 맛있으면
반칙 아닌가요 ㅠ ㅠ
이 안주 하나로도
막걸리 최소 2병 먹은 듯.. 개인적으로 양념 맛이 강한 ?
육회는 불호인데
구디 술집 여기가 전집 육회는
양념이 강하지 않으면서
신선해서 내 입맛에 딱이었음 
노른자를 톡 터트려서
비벼 먹으니까
고소하면서 감칠맛 최고 !!
다음엔 친구랑 1차로 와서
육세트에 모듬전 시켜서
막걸리 뿌시기로 약속했당 구로 깔깔거리에서
막걸리에 전 조합으로
술을 먹고 싶다면
구로디지털단지역 맛집
여기가 전집으로 가야 한다구요..!
또 먹고 싶으니까
구디 술집 또 가야지..♥ㅇ♥ 주소 : 서울 구로구 디지털로32나길 8
전화번호 : 02-864-4388
오픈 시간 : 평일 14:00 - 02:00
© 허호두 All Rights Reserved"
18,"구디단맛집, 구로디지털단지역맛집 오봉집 구로디지털단지점 ","마인트
(aaa9a)",2021. 10. 25. 15:28," 지난 제주도 여행 이후로 오랜만에 만나게 된 시리기리 커플
구로디지털단지가 주말에는 상관이 다소 활발하지 않다고 생각했는데, 
구로디지털단지역 맛집 오봉집을 방문한 뒤로 고정관념이 싹 사라졌다!
회사로 빽빽이 이루어진 공간이라 평일 이외에는
 사람들이 많이 없을 거라고 예상했지만 역시 알려진 맛집은 다르다, 
이른 저녁 시간이었음에도 불구하고 다수의 좌석들이 
다 채워져 있는 것을 보고 '아 여기 찐으로 맛집이다'라고 생각됨 :)     아니 우리네 할머니들이 밭일하고 나서
 새참 먹을 때 쓰는, 아주 친근한 밥상에 8첩 반상이 
순차적으로 놓여 있어 웃음이 절로 나왔다. 
 이 밥상을 받아보자마자 뭔가 오늘 열심히 일했어야만 
했을 것 같은 그런 느낌...! 살짝 죄책감마저 불러일으키는 밥상이었다.
나는 하루 종일 은시리의 집에서 누워있기 바빴는데 말이야 오봉집에서 가장 인기 있는 메뉴인 오봉 스페셜 한상차림!
 직화 낙지와 보쌈 그리고 막국수와 같이 나오는 오봉 스페셜인데
기준은 2인이라고 하지만, 일단 4인이 같이 먹어도 될 정도로 
충분히 넉넉한 양이었다.  밥상에 보쌈 하나만 미리 차려졌는데도
 테이블이 꽉 찰 정도로 풍성했던 오봉집 오봉 스페셜.   알쓰인 우리 이뇽이는 주말 내내 맥주와 함께 했다 
이날도 어김없이 맥주를 먹은 불타는 고구마 
사실 다들 차를 가지고 있어서 오랜만에 만나서 모여도
같이 술을 먹기가 매우 어려운데 이날은 운이 좋게도 
뚜벅이로 놀러 온 통에 오봉집에서 맥주를 한 잔을 함께 할 수 있었다.
오봉집 오봉 스페셜 메뉴들이 기가 막히게 다 알코올을 떠올리게 하는 음식들!  이뇽이와 기리가 맥주를 먹는데 정신이 없는 사이 
나는 내가 제일 좋아하는 메뉴 중 하나인 직화 낙지를 공략했다.
오봉집에 온 다른 손님들의 테이블들을 살펴보면 
 다들 빠짐없이 집 오봉 집 직화 낙지를 시켰던데!
 그만큼 오봉집에서 가장 맛있는 메뉴라는 걸 
반증하는 게 아닐까 싶음 ㅎㅅㅎ  반찬으로 나온 콩나물이 가득 넣고 오봉집 직화낙지 소스가
밥에 잘 버무려지도록 숟가락으로 열심히 섞었다.
직원분께서 비벼 편하게 양푼 같은 큰 그릇을 주셔서
 엄청 역동적으로 골고루 잘 비빌 수 있었던!
 직화 낙지 사이사이에 들어있는 양배추에도 양념이 잘 베어 있어서 
매콤한 양념과 아삭한 식감의 조화가 잘 어우러졌다. 알싸하게 매운맛을 선호하는 나는 직화 낙지 비빔밥에 
청양고추까지 제대로 얹어 먹었는데!!
매워서 쓰읍쓰읍 소리를 내게 되면서도 결국 
끝까지 다 먹어버리게 되는, 매콤한 소스와 불향이 코를 
엄청 자극하는 그런 중독성 강한 맛! 기리씨가 일회용 장갑을 야무지게 끼고 아빠 손맛처럼
김과 각종 고명들을 제대로 버무려냈다 :)
 색감이 빨개서 매콤해 보이지만 오히려
매콤한 맛보다는 새콤달콤한 맛이 강했던 막국수.
직화 낙지를 한입 먹고 매운맛을 중화시키기 위해 곁들여 먹으면 
딱인 사이드 메뉴였다, 막국수에다가 보쌈을 얹어서 먹어도 맛있고! 뜨끈뜨끈한 보쌈에 김장 김치 조합!
 무생채 가득한 김치를 보쌈에 얹어서 
한꺼번에 쌈 싸 먹으면 그야말로 파티지 메뉴가 매우 다채롭고 쌈 채소도 많아 다 같이 싸먹는 
  재미가 있었던 '구로디지털단지맛집 오봉집'  다양한 반찬을 맛집 무한리필처럼 셀프바에서
 갔다 먹을 수도 있고, 저렴한 가격으로 평소 먹지 못했던 
메인 음식들을 한꺼번에 즐길 수 있어서
구로디지털단지에서 데이트를 하거나 구디단 직장인
 점심 메뉴로 함께하면 좋을 맛집이었다 :)  "
19,만족했던 구로디지털단지역 맛집 공유,윈썸에이미,2021. 9. 8. 17:00,"얼마 전 가족들이랑 외식을 하기 위해 
sns에서 핫한 구로디지털단지역 맛집을 다녀왔어요
퀄리티 높은 초밥은 가격 이상의 가치가
있었던지라 감동받았던 곳입니다 이번에 가게되었던 상무초밥은
깔깔거리 내에 위치해있어서
도보로 1분거리였는데요 건물 내에 주차장도 구비되어 있으니
자가용 가져가실 분들은 참고 부탁드려요
또 구로디지털단지역 맛집의 영업시간은
오픈 오전 11시 마감 오후 11시
라스트오더는 10시라 여유로웠어요. 실내로 입장해보니까 거의 카페를 방불케하는
고급스러운 인테리어가 펼쳐졌어요
친구, 연인, 가족 그 누구랑 가도 괜찮을 것 같아서
제 마음에도 쏙 들었는데요. 여기저기 구경하다가 주인장의 칼솜씨도 엿볼 수 있었어요
생선살 똑같은 크기로 슥슥 잘라내는걸보니
절로 박수 갈채가 나왔어요! 한쪽에는 아기의자도 비치되어 있어서
예쓰키즈존임을 알아챘어요.
가족 단위 손님들도 환영하는 분위기라서
더 훈훈하더라고요 ㅎㅎ 시원하게 갈증을 풀어줄 밥이 맛있는
식혜도 팔고 있었는데요 ㅎㅎㅎ
공산품처럼 너무 달지 않으니
어린 아리들부터 어른들까지
다 좋아할 것 같았죠! 테이블 위에 놓여있는 반찬도 살펴봤답니다.
초생강, 단무지, 락교까지 다 초밥이랑
잘 어울릴 것 같아서 고개를 끄덕거렸어요 그 옆에는 노란색 장미꽃이 꽃혀있었는데요
자리마다 예쁜 꽃으로 꾸며놔서 
연인들의 데이트장소로도 손색 없었네요 안내받은 자리에 착석한 뒤 메뉴판을 살펴봤어요
이때 구로디지털단지역 맛집의 대표메뉴로는 모듬 스시를
팔고 있어서 주문해봤어요 약 15분 정도 지나자 정성껏 만든 초밥이 등장했는데요
참고로 따끈한 장국이나 시원한 메밀국수도 나와서
보기만해도 배가 부르더라고요 ㅎㅎ 우선 밑반찬으로 토마토 절임, 양파절임을 먹어봤어요
씹는 순간 새콤달콤한 즙이 새어나와서 온몸의
피곤함이 싹 가시는 것 같았죠 비슷한류로는 묵은지가 나왔는데요.
고춧가루 없이 깨끗하게 씻어나와서
새콤한 맛만 강렬하더라고요 김이 모락모락 퍼지는 장국도 준비되었답니다
초밥을 먹느라 목이 막힐 때
따끈한 국물이 뚫어주니 손이 자주 갔어요! 옆에 있는 메밀소바도 폭풍 젓가락질을 했는데요
은근하게 도는 메밀향도 고급스러워서
절로 쌍따봉을 날리게 되더라고요 구로디지털단지역 맛집에서는
후토마키도 한줄 썰어나왔어요.
특별한 플레이팅부터 공들인 티가 나서
눈을 뗄 수가 없었는데요 그 다음으로는 모듬 스시도 등장했답니다
연어, 새우, 참치 등등 무난하게 맛있는 것들
위주로 나와서 침샘이 폭팔했어요. 바로 간장새우 초밥을 들어서
소스에 찍먹했는데요~!
추가로 간을 더해도 자극적이지 않으니
입으로 거침없이 들어가더라고요! 이번에는 뭘 먹을까 행복한 고민에 빠졌어요
거의 열 피쓰 넘게 나왔지만 거의 겹치는게 없어서
더 대단하다는 생각이 들었어요! 빨간 점을 찍은 오징어 초밥도 집어봤어요!
꽤 도톰하게 잘라나왔지만 
질기지 않아서 칭찬만 연발했어요 ㅎㅎ 기력도 충전할 겸 장어초밥을 맛보았는데요
구로디지털단지 맛집에서는 냄새 제거도 깔끔하게 해주시니
꿀떡꿀떡 넘어갔어요 환절기에 어울리는 따끈한 우동도 먹고 왔답니다
면발은 물론 어묵, 야채, 유부까지 알차게 들어있어서
두 눈이 번쩍 뜨였는데요~~ 젓가락으로 살짝 들어올리자
뽀얀 우동면이 튀어나왔어요 ㅎㅎ
너무 짜지도 싱겁지도 않게 간이 잘 맞아서
국물까지 모두 마셨어요 ~ 구로디지털단지 맛집에서는 사시미까지 욕심냈어요
참치, 전복, 연어,ㅅ ㅐ우 등 거의 고급 해산물만 골라나와서
비주얼부터 남달랐답니다 ㅎㅎ 그 중에서도 귀한 연어회부터 시식했습니다
꼭꼭 씹지 않아도 생크림처럼 부드럽게 녹아내리니
젓가락이 쉴 틈 없이 움직였어요~ 주문벨을 누르자 매실 수정과도 서브되었는데요
한 입 마시자마자 쌉싸래한 향이 비린내를 제거해줘서
이보다 더 좋을 수 없었답니다! 구로디지털단지역 맛집에서는 음식 하나하나
정성이 깃들어 있습니다
제 예민한 미각으로도 확인했던 부분이랍니다
다음번에도 꼭 재방문해야겠어요! 주소: 서울 구로구 새말로 17 2층
영업시간: 평일 16:30~00:00
전화번호: 0507-1392-9291
친구가 족발이 끝내주는 곳이 있다고 해서
찾아간 송이족발인데요
질 좋은 고기를 이용하여 만들어주기 때문에
엄청 부드럽고 집에서도 배달시켜 먹을 정도로
자주 이용하고 있답니다! 주소: 서울 구로구 디지털로32나길 15
영업시간: 매일 14:00~02:00 월화수목일
전화번호: 02-851-3060
퀄리티 좋은 양꼬치를 판매하는
경성양꼬치 가게에도 찾아가게 되었어요!
여기는 고급진 어린양을 이용하여 판매했기 때문에
야들야들한게 부드러움이 매력적이었어요~~!! 주소: 서울 구로구 디지털로32나길 16 춘자빌딩
영업시간: 매일 13:00~01:00 일요일 휴무(비오면 오픈)
전화번호: 010-8824-5627
술 한잔씩 하고 싶을때 맷돌빈대떡 식당을 찾게됩니다
종류별로 다양하게 먹을 수 있었던 모듬전은 특히나
인기가 많았고 여기에 막걸리 한 잔 딱 하면 완벽합니다! 주소: 서울 구로구 디지털로32길 97-33 1층
영업시간: 평일 11:00~03:00
전화번호: 02-864-3113
끝으로 소개드릴 사조참치는 고퀄리티의
참치를 맛볼 수 있는 곳이에요
쫀득하면서 어찌나 싱싱한지 대박이더라구요
덕분에 친구들과 모임을 가질 때 자주 가는 곳이에요~!"
20,이색적인 구로디지털단지역 맛집 소개,"귀촉안
(mephisto69)",2021. 8. 22. 7:00,"지난 토요일, 친한 친구들과 분위기를 내기 위해 소문난 구로디지털단지역 맛집에 다녀왔어요. 유럽을 연상케하는 공간속에서 수준 높은 양식 요리들을 맛깔나게 즐겼던 곳이라 자신있게 소개할게요! 이날 방문했던 식당은 구로디지털단지역 2번 출구에서 걸어서 4분 거리에 위치해 있었어요. 멋스러운 외관에 휘황찬란한 조명이 빼곡히 부착되어 있어, 초행길임에도 멀리서부터 눈에 확 띄더라고요. 유럽을 떠오르게 하는 홀은 감각적이고 엔티크한 느낌이었어요. 우드톤 계열 테이블에 천장 층고가 높아 답답함 없이 편안하게 시간을 보낼 수 있었죠. 원하는 경우 음악도 요청 할 수 있는 구로디지털단지역 맛집인데요. 직원들의 서비스 마인드도 마음에 들었던 곳이라 기분 좋게 여유를 보낼 수 있었어요.  내부 한쪽으로 세련된 형태로 와인잔도 비치되어 있었는데요. 안이 휜히 보일 정도로 깨끗해서, 위생에 민감한 저도 만족스런 미소가 나와더군요.  쭉 구경한 뒤, 안내 받은 테이블로 발걸음을 옮겨보았어요. 의자가 특히 인상적이었는데, 옛스러움과 멋스러움이 공존하는 느낌이라 인증샷을 한컷 촬영해보았습니다. 구로디지털단지역 맛집 메뉴판은 독특한 디자인으로 꾸며져 있었어요. 표지부터 천천히 살펴보던 중, 옆에계신 직원분 추천에 따라 여러 요리들을 주문해보기로 했어요. 가장 먼저 맛본 까망베르치즈는 이쁜 형태로 담겨져 나왔어요. 나오는 순간 눈이 휘둥그레졌고, 양도 기대 이상으로 푸짐하게 나와주어 구로디지털단지역 맛집 사장님의 후한 인심을 인지 할 수 있었어요. 앙!하고 한입 베어무니 사~르르 녹아내리는 부드러움에 담백고소함이 혀에 맴돌아 기분 좋은 미소가 저절로 터져나왔어요. 이윽고 개인적으로 최애 메뉴였던 로마피자, 루꼴라 체리 토마토에요 상큼한 토마토와 루꼴라, 고소한 샤워크림소스가 발라져 나와 피자매니아인 저로써는 제대로 취향저격이더군요. 사각형 모양 피자로 도우가 두꺼운 것이 특징인데, 겉은 바삭하고 속은 촉촉해서 거부감 없이 순식간에 반이나 먹어치웠어요. 여사친이 좋아했던 감바스 비쥬얼이에요. 살이 통통한 새우에 바게트 빵과 올리브향이 솔솔 풍겨서 먹기도 전부터 군침을 꼴까닥 삼키고 말았어요. 해산물 특유의 비린내가 전혀 없었고, 고소한 올리브향에 파슬리 가루의 향긋한 풍미가 더해져 개인적으로 십점만점을 주고싶었어요. 그래도, 하이라이트는 단연 이베리코흑돼지가 아닐까 싶어요. 멋진 플레이팅으로 나와주었는데, 짙은 육향이 테이블 위에 서서히 퍼져 눈이 번쩍 떠지고 말았습니다. 한입 크기로 커팅 후 알싸한 와사비와 곁들여 입에 직행시켰어요. 팡!하고 터지는 육즙에 톡쏘는 풍미가 입에 촤~악 퍼져 포크질을 멈추기가 힘들었어요. 제가 생각하는 꿀팁을 하나 말씀드리자면, 홀그레인머스터드와 곁들여 먹는 방법인데요. 기름진 맛은 덜해지고 새콤달콤함이 가미되어 베스트 조합 중 하나에요. 탱글한 버섯과도 곁들여 먹방을 이어나갔어요. 고기 본연의 맛 그대로 즐겨도 좋지만 소스와 곁들임 재료와 함께해도 더할 나위가 없더군요. 두툼한 빵이 올라간 파스타를 다음 순서로 즐겨보았어요. 세로길이 30cm 접시 위에 수북히 담겨져 나왔는데, 비쥬얼도 예술이라 어깨춤이 절로 터져나왔어요. 면발을 돌돌 말아 후~루룩 면치기를 해보았는데, 적당한 익힘 정도로 조리되어 뚝~뚝 끊김 없이 탱탱한 치감을 경험 할 수 있었죠. 이윽고 구로디지털단지역 맛집 차돌박이해장파스타에 시선을 집중시켰어요. 고소한 풍미가 매력적인 차돌박이가 듬뿍 담겨져 있었고, 매콤함이 짙게 베어져 있어 식욕을 다시금 북돋아주더군요. 지글지글 소리와 황홀한 풍미에 이끌려 바로 먹방을 시작했어요. 따뜻한 온도감이 쭉 이어지게 세팅해주셔서 감사한 마음이 들었던 구로디지털단지역 맛집이에요. 쫄깃한 식감에 차돌은 면과 황금 밸런스를 자랑했어요. 면과 육류는 만나야 한다고 생각하는데, 그말이 쉽게 이해되는 조합이 아닐까 싶습니다. 포만감이 극에 달했지만, 국물 요리가 땡겨 제철조개술찜을 추가했어요. 인위적이지 않은 감칠 내음이 풍겼고, 시원함과 매콤함이 동시에 맞물려 해장이나 술 안주로도 안성맞춤인 메뉴였어요. 색 다른 분위기를 느낄 수 있고, 수준 높은 요리들을 즐겼던 구로디지털단지역 맛집, 개인적으로 100% 만족했던 곳이라 여러분도 한 번 방문해보셔도 좋을 것 같네요. 깔깔거리 근처에 위치한 데이즈앤데이즈는 생방송투데이 2347회에 소개된 빵집이에요. 140여가지 종류 빵을 판매하고 있어 호불호 없이 고를 수 있다는게 장점이고, 매일 직접 로스팅하여 만든 커피는 인위적이지 않은 담백고소한 풍미를 느낄 수 있어 빵과 곁들여 먹기 제격이에요. 신대방역 3번 출구 도보 6분 거리에 위치한 등나무집은 식신로드3 4회에 소개된 탕반집이에요. 대표메뉴 꼬리찜은 잡내 없이 야들거리는 살결은 물론 인위적이지 않은 깊고 진한 국물까지 맛볼 수 있어 귀빈이나 부모님께 대접하기 안성맞춤이에요. 문성 어린이공원에서 도보 4분 거리에 위치한 한우마당 구로점은 생방송투데이 1370회에 소개된 고기집이에요. 1++등급 생등심이 대표메뉴인데, 짙은 육향과 팡!하고 터지는 육즙을 느낄 수 있고, 그윽한 불향까지 머금고 있어 육식파라면 한 번 드셔보시길 추천드리고 싶어요. 구로디지털단지역 2번 출구에서 도보 7분 거리에 위치한 홍주식당은 우동과 카츠가 유명한 음식점이에요. 우동의 경우 자가제면으로 뽑아내어 탄력감 깃든 식감을 느낄 수 있고, 국물의 경우 비법 재료와 소스가 첨가되어 장시간 끓여낸 형태라 깊고 진한 풍미를 경험 할 수 있어요. 
위 포스팅은,
소정의 원고료를 받고 작성했습니다."
21,색달랐던 구로디지털단지역 맛집,"블랙빈
(youjin0113)",2021. 6. 23. 13:50,"최근에 친구들과 모임을 위해 구로디지털단지역 맛집으로 다녀오게 되었어요.
잡내 하나 안나는 진짜 곱창을 먹을 수 있는 곳이라 잊혀지지 않는 곳이에요.  주소 : 서울 구로구 디지털로32나길 16 1층
전화번호 : 02-868-0123
영업시간 : 매일 16:00 - 22:00 이날 갔던 옛날황소곱창은 구로디지털단지역 2번출구에서 걸어서 5분 안에 도착하더라구요.
건물 바로 앞에는 흰색 큰 풍선이 달려있어 저멀리에서도 쉽게 눈에 띄었답니다. 특히나 들어가는 입구에는 2인분 주문하면 1인분을 더 준다고 하니 사장님의 인심까지 파악할 수 있었죠. 안으로 들어가자 쾌적한 내부가 저희를 반겨줬거든요.
이미 사람들이 한껏 채워져 있는 모습에 유명세를 타고 있는구나 싶어 기대되었답니다. 벽면으로는 포장이 된다는 말이 적혀있더라구요.
덕분에 다음에 집에서 먹고 싶을 때 들고가면 좋을 것 같았어요. 얼른 메뉴판을 보고 주문을 하게 되었어요.
그중에서도 구로디지털단지역 맛집의 모듬곱창과 깍두기볶음밥 까지 선택을 하게 되었답니다. 얼마 지나지않아 금방 기본반찬들이 차려지게 되었어요.
김치부터 샐러드, 절임류 등 다양하게 나와 구성이 알차다 싶더라구요. 뿐만 아니라 식빵도 같이 나와 이건 어디에 먹는건가 싶었는데요.
여쭤보니 기름제거용이라고 하여 신기했답니다. 특히나 참기름장과 찍어 먹을 수 있는 소스도 만나볼 수 있었거든요.
1인당 하나씩 내어주셔서 위생에도 도움이 많이 되었어요. 제일 먼저 백김치 부터 먹어보게 되었거든요.
새콤달콤한게 입갓미으로도 딱 좋을 것 같아 자주 접해줬죠. 구로디지털단지역 맛집에서는 특이했던 대파 김치도 있어서 함께 해봤어요.
씹을수록 새콤한게 잘 익어 곱창과 먹었을 때 그 매력이 훨씬 커질 것 같더라구요. 거기에 생간도 서비스로 나와 같이 먹어볼 수 있었어요.
윤기가 얼마나 대단한지 반짝반짝한 모습들도 볼 수 있었구요. 얼른 젓가락으로 한점 집어다가 참기름장에 찍어봤어요.
쫄깃하면서도 고소함이 더해져 역시나 손질을 잘해주시는구나 알 수 있었죠. 그런가 하면 천엽도 함께 내어주셔서 같이 먹게 되었어요.
처음 보는 비주얼이라 깜짝 놀랐는데, 잡내가 하나도 안나 한입에 넣어봤어요. 참기름장에 찍어서 한입에 투척해봤어요.
쫄깃하면서도 표면이 도돌도돌한게 식감이 부드럽더라구요. 옆에는 뚝배기에 가득 담겨져서 나온 국도 함께 할 수 있었어요.
덕분에 구로디지털단지역 맛집에서는 처음부터 끝까지 따스하게 즐길 수 있었구요. 냉큼 숟가락으로 안에 있는 시레기를 함께 떠서 먹게 되었어요.
몰캉한게 씹는 식감이 재미져 열심히 퍼먹어줬죠. 본격적으로 모듬곱창을 즐겨보기로 했어요.
거의 큰 불판 위를 가득 채울 정도로 얼마나 양이 상당했는지 몰라요. 또한 처음부터 100프로 다 조리가 되어 나오기 때문에 더 기다릴 필요도 없어서 굉장히 편했어요.
노릇노릇하게 구워진 모습을 보자 군침이 절로 돌기 시작했어요. 게다가 구로디지털단지역 맛집에서는 종류별로 양도 푸짐하게 나와 이게 과연 3인분이 맞나 의심이 될 정도더라구요. 얼른 하나 집어다가 입안에 쏙 넣어봤어요.
쫄깃하면서 잡내 하나 나지 않아 씹는 식감이 재미졌어요. 다른 부위들도 다양하게 있어서 열심히 먹어주게 되었답니다.
어떤 것을 먹어도 쫄깃한게 식감이 무척 재미지더라구요. 사장님께서 직접 만들어주신 소스에 찍어 먹어도 끝내주더라구요. 함께 구워주신 떡사리도 함께 해봤어요.
겉은 바삭하고 속은 쫀득한게 먹는 즐거움이 쏠쏠했답니다. 슬라이스로 잘라주신 감자도 있어 같이 먹어봤어요.
바싹 익혀져서 부드러움이 느껴져 고퀄리티를 자랑했어요. 구로디지털단지역 맛집에서는 어떤 것을 먹냐에 따라 식감과 맛이 조금씩 다 다르니 골라 먹는 즐거움이 색달랐답니다. 마지막으로 깍두기 볶음밥 까지 먹기로 했어요.
주변으로는 계란까지 듬뿍 뿌려주셔서 곁들여서 먹기 좋겠더라구요. 계란과 김가루, 볶음밥까지 다 볶아서 한입 크게 먹어봤어요.
3천원이라는 퀄리티가 무색하게 그 이상의 맛을 내주더라구요. 여기에 대파김치까지 얹어 먹으면 화룡점정 이었답니다.
그정도로 사장님의 손맛이 끝내주는 것을 알 수 있었죠. 저희는 맥주까지 주문하여 입가심도 하면서 먹게 되었어요.
구로디지털단지역 맛집에서 먹었던 음식들은 깔끔하여 다음에 또 먹으러 오려고요.   주소 : 서울특별시 구로구 디지털로32나길 19
전화번호 : 0507-1433-1106안내
영업시간 : 매일 15:00~22:00 집에서 보쌈주는족발집으로 자주 주문해서 먹거든요.
질 좋은 고기를 이용하여 만들어주기 때문에 부드러운게 다음날에 먹어도 식감이 똑같아서 자주 애용하고 있어요.  주소 : 서울 구로구 디지털로32나길 15
전화번호 : 02-851-3060
영업시간 : 매일 14:00 - 02:00 월,화,수,목,일요일
매일 15:00 - 03:00 금,토요일 잡내 하나 안나는 양꼬치를 판매하는 경성양꼬치 가게로 다녀오게 되었는데요.
여기는 고급진 어린양을 이용하여 판매했기 때문에 야들야들한게 부드러움이 컸답니다.  주소 : 서울 구로구 디지털로32나길 16 춘자빌딩
전화번호 : 010-8824-5627
영업시간 : 매일 13:00 - 01:00 일요일 휴무(비오면오픈)
토요일 14:00 - 01:00 술한잔씩 하고 싶을 때 맷돌빈대떡으로 향하게 된답니다.
종류별로 다양하게 먹을 수 있었던 모듬전은 특히나 인기가 많았고 여기에 막걸리 한잔 딱 하게 되면 완벽했어요.  주소 : 서울 구로구 디지털로32길 97-33 1층
전화번호 : 02-864-3113
영업시간 : 평일 11:00 - 03:00
주말 11:00 - 02:00  끝으로 소개드릴 사조참치는 고퀄리티의 참치를 맛볼 수 있는 곳이에요.
쫀득하면서 어찌나 싱싱한지 대박이더라구요.
덕분에 친구들과 모임을 가질 때 자주 가는 곳이에요. 
본 포스팅은 업체로부터 경제적 대가를 받고 작성한 글임을 알려드립니다 :)
메뉴구성과 인테리어, 가격, 위치 등을 참고하는 용으로 활용하세요."
22,저녁에 술집이 되는 구로디지털단지역 맛집 모음,"LORA
(wkdb1106)",2021. 6. 9. 4:30,"주말에 친구와 함께 분위기가 아주 좋다는 
구로디지털단지역 맛집에 방문했는데요.
다양한 음식과 술이 있는 술집이기도 했고, 
듣던 대로 인테리어와 
분위기도 아주 좋아 즐거운 시간을 보냈어요. 주소 : 서울 구로구 디지털로32나길 17-23 1층
영업시간 : 11:00 - 23:00 (브레이크 15:00 - 17:00)
전화번호 : 02-2082-3430
메뉴가격 : 
콰트로치즈 피자 8,900원, 
갈비토마토파스타 18,000원  위치는 코오롱 사이언스벨리 2차 건물 
건너편에 있었는데요.
골목 쪽이라 거리가 조용했고, 
매장 안의 분위기와 인테리어도 안락하고 
조용한 편이라 첫인상이 좋았어요. 화양가옥이라는 이름을 
가지고 있는 곳이었는데요.
붉은 벽돌 건물에 나무로 된 간판, 
무궁화 모양 엠블럼까지 
모든 게 잘 어울려서 안정적인 분위기가 느껴졌어요. 안으로 들어가니 입구에 QR 체크인과 
수기 명부 작성, 손 소독제, 
발열 체크기가 준비돼 있었는데요.
사람이 들어오면 직원이 바로바로 나와서 
모든 걸 체크하고 정확하게 하는 거 같아 
마음에 놓였답니다. 구로디지털단지역 맛집의 내부는 
전체적인 분위기가 통일돼서 굉장히 아늑했는데요.
밝지 않은 조명도 있어서 
데이트를 하기에 딱이더라고요. 외국 영화에 나오는 바 느낌도 났고, 
실제로 저녁에는 간단한 술안주와 
다양한 와인, 맥주 등도 판매하고 있었어요. 이렇게 많고 다양한 와인들을 
모두 맛볼 수 있는 곳이었고, 
라벨 방향까지 딱딱 맞춰서 
전시해 놓은 것을 보니 매장 안을 
정말 신경 써서 관리한다는 게 느껴졌어요.
먼지도 전혀 없어 위생도 완벽했고요. 
구로디지털단지역에서 술집을 찾는다면
 딱이겠구나 싶었죠. 그리고 다른 곳에서는 잘 팔지 않는 
듀어스 하이볼도 팔고 있더라고요.
메뉴판 안에는 다른 종류의 하이볼과 맥주도 많아서 
저녁에도 술집으로 한 번 방문해야겠다 싶었어요. 여기는 로마 피자가 유명한 곳이었는데요.
콰트로 치즈, 루꼴라 체리 토마토, 칠리 캔디 베이컨 등 종류가 많았고, 
가격이 정말 저렴한 편이라 좋았어요.
두 개를 주문해도 전혀 부담되지 않을 가격이었고, 
여러 개를 시켜서 다양한 맛을 보기도 딱이더라고요. 구로디지털단지역 맛집은 접시와 물 잔, 
식기까지 예쁜 곳이었는데요.
인스타 감성에도 잘 맞고, 
보기만 해도 기분이 좋아졌답니다. 주문한 음식은 로마 피자와 샐러드, 
스파게티와 리조또, 돈가스인데요.
이렇게 많이 주문해도 가격 부담이 없어 
정말 마음에 들더라고요.
이렇게 먹으면 다른 곳에서는 
10만 원 가까이 나오는데 
여기는 반절 정도밖에 안됐으니까요. 여기는 11시부터 3시까지 점심 장사를 하고 
브레이크 타임을 5시까지 가진 다음 밤 11시까지 
저녁 장사를 하는 곳이었는데요.
특히 저녁에는 구로디지털단지역의 
예쁜 술집으로 변신하고, 
점심에 방문하면 돈가스를 저렴하게 맛볼 수 있었답니다.  큼지막한 고기와 밥, 샐러드, 깍두기까지 
완벽한 세트로 나왔고 모두 양이 푸짐했어요.
그리고 저는 원래 찍먹파인데 소스가 뿌려져 나왔지만 
튀김옷이 눅눅해지지는 않아서 불만이 없었답니다. 먹기 좋은 크기로 자른 다음 바로 한 입 먹어봤는데요.
구로디지털단지역 맛집 돈가스는 튀김옷은 얇고, 
고기는 두툼한 완벽한 비율을 가지고 있어 
맛과 식감이 상당했고, 
자르는 동안 소스가 잘 스며들었어요. 그리고 매콤한 깍두기가 함께 나온다는 점이 
정말 마음에 들더라고요.
먹다 보면 살짝 느끼할 수밖에 없는 음식인데 
매콤하게 곁들일 반찬이 나와서 너무나 좋았답니다. 그리고 스프도 세트로 나왔는데요.
조개 모양의 예쁜 그릇에 담겨 나와서 
사진을 찍기 좋았고, 
고소한 맛이 나고 간도 알맞아서 아주 잘 먹었답니다. 바로 만들어서 가져다주는지 
따끈따끈해서 참 좋더라고요.
요즘 이렇게 애피타이저로
 스프를 주는 곳이 많이 없는데 
여기서 맛볼 수 있어 마음에 들었답니다. 리조또는 버섯 크림으로 주문을 했는데요.
베이컨도 잔뜩 들어있는 게 섞기 전부터 눈에 보였고,
 상큼하게 함께 곁들여 먹을 수 있는 무순도 넉넉히 올라가 있었어요. 구로디지털단지역 맛집 리조또는 
굉장히 진한 크림 맛을 가지고 있었는데요.
양파, 버섯, 베이컨 등의 재료들이 
다양하게 들어가 있어서 
다양한 맛을 함께 먹을 수 있더라고요. 재료를 너무 잘게 썰어 넣으면 맛이 잘 안 나고 
양도 적어 보여서 별로인데 여기는 눈에 확실히 보이고, 
식감도 제대로 느낄 수 있을 정도로 
큼지막하게 썰어 넣어줬어요. 다음은 새우 로제 스파게티인데요.
여기에도 재료들이 큼지막하게 잔뜩 들어 있는 게 눈에 보이더라고요. 깔끔하게 손질된 커다란 
새우와 버섯이 들어가 있었어요.
새우는 탱글탱글한 식감을 가지고 있었고, 
버섯은 쫄깃쫄깃해서 다양한 식감은 물론 맛까지 
함께 즐길 수 있는 좋은 스파게티였답니다. 리조또와 마찬가지로 꾸덕꾸덕한 
소스를 가지고 있었는데요.
매콤한 맛이 살짝 가미돼 있어서 느끼하지 않았고, 
야채도 함께 먹을 수 있어서 깔끔하게 맛볼 수 있었어요. 구로디지털단지역 맛집에서 제일 유명한 
로마 피자는 생각 이상의 맛과 
비주얼을 가지고 있었는데요.
사각형 모양이고, 고온에서 빠르게 익혀서 
조리하기 때문에 
도우의 맛이 좋은 것이 특징이라고 했고, 
딱 그런 맛이 났어요.  리코타치즈콥샐러드는 가격이 믿기지 않을 정도로
 많은 양과 퀄리티를 가지고 있었어요.
다섯 가지 이상의 재료들이 들어 있었고, 
리코타 치즈의 양도 상당하더라고요. 재료들을 색깔별로 보기 좋게 정렬해 놔서 사진을 찍기 너무나 좋은 샐러드였고, 비비는 순간이 설레고 기대됐답니다. 야채는 밑에 가득하게 깔려있었고, 
위에는 식감과 맛이 좋고 달달한 옥수수와 방울토마토, 올리브 등이
 들어있어 야채 맛을 싫어하는 사람도 
충분히 먹을 수 있을 만한 샐러드였답니다. 구로디지털단지역 맛집으로
분위기가 좋다는 말을 듣고 방문했던 곳인데 
생각 이상의 퀄리티와 맛을 가진 음식들을 
가득하게 만나볼 수 있는 곳이었어요.
가성비도 좋으니까 저녁에 술집을 찾는 분도 
구로디지털단지쪽을 한 번쯤 방문해 보시길 바랄게요.  주소 : 서울 구로구 디지털로 288 B118호
영업시간 : 평일 11:30 - 21:30 (Break time 15:00 - 17:30)
전화번호 : 02-2082-3430
메뉴가격 :모듬사시미 16,000원, 참치사시미(소) 20,000원
활기 있는 분위기에 신선한 초밥을 
양껏 즐길 수 있는 곳이었어요. 
생선의 퀄리티가 너무 좋았는데 
가격대비 맛 자체가 뛰어나서 
칭찬하고 싶은 곳이었어요.  주소 : 서울 관악구 시흥대로 552 석천빌딩 2층
영업시간 : 매일 11:00 - 22:00(명절휴무)
전화번호 : 0507-1370-0810
메뉴 및 가격 : 짜장면 7,000원, 육즙돼지고기탕수육 27,000원
품격있는 고급 중식을 맛볼 수 있는 곳이었는데, 
모든 메뉴의 퀄리티가 상당했어요. 
룸을 예약해서 이용할 수도 있어서 
모임 장소로도 좋고 서비스가 좋은 곳이었답니다.  주소 : 서울 구로구 디지털로 300 지밸리비즈플라자 2층 207호
영업시간 : 평일 11:00 - 22:00 브레이크타임 오후3시~5시,마지막주문 21:30
전화번호 : 0507-1412-3949
메뉴 및 가격 : 해남묵은지 김치찜(2인) 30,000원, 숯불 불고기(1인)14,000원
건강한 한정식을 먹고 싶을 때 
찾아가기 좋은 곳이었어요.
 음식이 전반적으로 자극적이지 않고 
한국인의 입맛에 딱 맞았는데, 
데이트장소로도 제격이었죠.  주소 : 서울 구로구 디지털로 300 롯데시티호텔 구로 1층
영업시간 : 매일 10:30 - 22:30
전화번호 : 0507-1412-3906
메뉴 및 가격 :
아메리카노 3,300원, 로얄밀크티 5,500원
달콤하고 예쁜 무지개 케이크와 
커피 맛이 훌륭했던 카페였어요. 
베이커리 자체가 고급스러운 느낌이 났는데 
선물용으로도 좋고 데이트 코스로도 좋았답니다.  "
25,구로디지털단지역 맛집 : 샤오바오우육면구디점,"예민
(hyemin9200)",2021. 10. 29. 12:54,"안녕하세요, 예민입니다. 
얼마 전 친구와 함께 구로디지털단지역 맛집이라고 소문난 샤오바오 우육면 구디점에 다녀왔어요. 
추운 날씨가 따끈한 국물이 생각났는데 우육면 맛집이라길래 바로 찾아가봤어요.  위치는 구로 이마트 근처에 위치해있어요. 
구로디지털단지역 2번 출구로 나오시면 5~8분 정도 걸려요. 
건물 내에 주차도 가능합니다.  샤오바오우육면 구디점 모습이에요.  위에서 언급한 것처럼 운영시간은 오전 11시 ~ 저녁 9시30분까지 ! 
일요일은 휴무에요.  서민갑부와 생생정보통에 출현했었네요 ?!
기대감 완전 업 ! 
매장으로 들어가봅니다 .  사실 이곳은 인플루언서들도 많이 방문하는 곳이고 대기해서 먹는다는 리뷰를 많이 봐서 일부러 피크시간은 좀 피해서 갔어요. 
저는 2시 좀 안되는 시간에 방문했는데요.
주변이 회사단지라 그런지 점심시간이 끝나가는 모습이었어요. 
들어갈때는 사람이 꽤 많아 테이블이 별로 안남아있었는데 2시가 넘어가자 우르르 빠져나가더라구요. 
덕분에 몇 테이블 없어 아주 여유롭고 조용히 식사할 수 있었습니다.  테이블은 꽤 많았는데 1인석도 많아서 혼자 휘리릭 와서 먹고 가기도 좋아 보였어요. 
코로나로 인한 칸막이 센스까지 굿 ! 
깔끔하고 밝은 느낌의 매장이었어요.  저 멀리 주방이 보이는데 규모에 비해 꽤 많은 분들이 있었고 분주한 모습이었어요. 
세 분이 칼질을 열심히 하고 있으셨는데 나란히 칼이 움직이는 모습이 인상적이었어요.  구로디지털단지역 맛집 샤오바오우육면 구디점 메뉴에요. 
우육면에는 크게 국물/비빔/ 덮밥 중 고를 수 있었고 사이드류는 반찬 종류가 많았어요. 
요리류는 꿔바로우, 가지탕수, 가지만두, 마라수육, 오향수육이 있었는데 가지와 수육이 궁금했어요. 
그리고 대박 이벤트 !!
요리류를 주문하면 처음처럼과 클라우드가 병당 2천원이라네요 !?!?!
우와 대박 ㅋㅋㅋㅋㅋㅋ 주문 후 기다리고 있는데 사장님꼐서 면지순례하러온 저희에게 앞치마를 주셨어요 ㅋㅋㅋ
말이 없어서 먼저 주시는 센스. 감사합니다.  고수와 짜사이가 준비되었구요.  조금 더 기다리니 저희가 주문한 음식이 나왔어요. !
우육면과 가지탕수, 마약곱창면을 주문했어요.  음식 사진을 영상으로 좀 찍어봤는데 우와 색감 때문인지 정말 먹음직스럽지 않나요 ?? 먼저 마약곱창면 !
싱싱해보이는 곱창이 푸짐하게 올라가있고 부추와 숙주가 재료로 보인네요.  우육면 특유의 우동같은 통통한 면이 전 좋더라구요. 
골고루 섞어서 먹어봅니다. 
일단 좀 매워요 ! 
친구랑 제 단골메뉴가 마라탕인데요. 
이 마약곱창면은 맑은 마라탕 느낌이나는 맛이었어요. 
훠궈 느낌도 좀 나구요.  곱창은 부드러웠고 국물 요리다보니 먹다보니 곱이 자연스럽게 국물과 섞여 국물이 더 고소해져 맛있더라구요.  그리고 기대 이상이었던 우육면!
가장 기본메뉴라 주문해봤어요. 
매콤한 소스가 함께 나오는데 이걸 섞어 먹으면 되요.  고기도 듬뿍 들어있고 국물이 뭔가 매콤하면서도 달큰한 그런 느낌이었어요. 
특히 면이 쫄깃했는데 중국 란주 지역에서 150년 동안 이어져오는 전통비법을 한국에 그대로 가져와 재현했다고 하더라구요. 
그래서인지 면이 진짜 쫄깃하고 탄력이 있다고 할까요. 
저는 사실 우육면을 제대로 먹어본적이 없어서 현지맛과 얼마나 비슷한지는 잘 모르겠어요. 
근데 제 입맛에도 괜찮았고 맛있었어요. 이건 약한 마라탕 맛이랄까. 마라맛이에요. 
소스 없는 국물맛도 궁금해서 다음엔 우육면 맑은탕을 도전해봐야겠네요 ㅎㅎ 그리고 맛있다며 박수치고 먹은 메뉴.
가지탕수 ! 
가지탕수는 소스에 따라 맛이 정말 달라지는데 샤오바오우육면 구디점은 단짠단짠 스타일의 가지탕수에요. 
눅눅하지않고 겉은 바삭 속은 부드러워서 꿔바로우나 탕수육보다 훨씬 부드럽게 먹을 수 있어서 좋았어요.  이건 진짜 맥주 생각나는 메뉴ㅋㅋㅋ
점심시간에 우육면과 곁들어먹기도 좋지만 다른 안주메뉴가 있으니 저녁시간에 술 한잔 하기도 정말 좋은 곳 같아요. 
우육면을 제대로 먹을 수 있는 기회가 별로 없었는데 찐 식당 발견한 것 같아 좋네요 . 
구로디지털단지역 맛집 샤오바오우육면 구디점 후기였습니다 ^^ "
27,구로디지털단지역 맛집 - 마라 중화요리와 우육면으로 낮술하기 좋은 곳,푸우우,2021. 10. 4. 7:20,"구로디지털단지역 맛집
마라 중화요리와 우육면으로
낮술하기 좋은 샤오바오우육면
안녕하세요? 곰돌이의 Lifestyle 푸우우입니다.
지난주에 지인과 낮술 약속이 있어서 구로디지털단지에 갔다가 저번에 종로에서 아주 맛나게 먹었던 샤오바오우육면이 마침 있어서 방문한 후기입니다. 워낙 샤오바오우육면은 요즘 핫플레이스로 떠오르고 있는 곳이어서요. 
샤오바오우육면은 중국 란주 50년 경력의 비법 육수를 직접 전수받아서 운영하는 란주 정통방식의 우육면 전문점이랍니다. 우육면외에도 다양한 마라가 들어간 중화요리가 아주 별미랍니다. 본점에서 먹었던 마라 중화요리와 우육면이 너무 맛있었고 딱 술안주로 좋았던 기억으로 지인과 같이 갔었는데, 이번에도 아주 대만족을 하고 왔답니다. 딱 낮술 안주로 최고였답니다.   주소: 서울특별시 구로구 디지털로26길 123, 지플러스타워 지하1층 110호
전화번호: 02-857-0888
영업시간: 오전11시~오후9시반 (※ 일요일 휴무)
주차: 가능
가격: 우육면 곱배기 12,000원 / 가지만두(중) 9,000원 / 마라오이 4,500원 / 마라수육 12,000원 / 샤오롱바오 5,000원 구로디지털단지역 근처에 위치한 지플러스타워 지하1층에 위치해있답니다. 빌딩 왼쪽으로 가면 음식점들이 많이 있답니다. 딱히 지하라고는 할수 없는 오픈된 반지하에 위치한 구로디지털단지역 맛집 샤오바오우육면이 있답니다. 오픈한지 별루 안된것 같더라구요. 새로 오픈한지 별루 안되어서인지 내부가 쾌적하고 깔끔했답니다. 테이블마다 아크릴 칸막이가 있더라구요. 샤오바오우육면 구로디지털단지역점의 메뉴판입니다. 본점과는 조금 다르더라구요. 본점에서는 다양한 면종류를 선택을 할수 있는 반면 여기에서는 기본면 또는 도삭면만 가능하고 우육면은 2가지 종류 그리고 이외에 마라곱창면, 자장면 등이 있답니다.  주류는 소주가 4,000원이더라구요. 테이블 한쪽에는 물컵과 함께 고추기름장이 있답니다. 기본찬이 나오고 짜사이...제가 좋아하는 중국집에서 나오는 짜사이는 아니었지만 짜지않고 맛있었답니다. 제가 좋아하는 고수도 기본으로 제공해준답니다. 이날의 낮술 주류는 처음처럼...ㅋㅋ 주문한 마라수육과 마라오이가 나왔답니다.  이쁜 파란색 무늬가 있는 그릇에 담아 나온 마라가 듬뿍 올라간 마라수육. 장육과 함께 슬라이스한 오이와 양파가 무쳐서 나온답니다. 장육과 오이를 같이 먹어도 아주 맛있답니다. 딱 소주안주로 굿~!! 아니면 이렇게 고수와 함께 먹어도 완전 찐맛이랍니다. 마라가 의외로 고수랑 정말 잘어울린답니다. 본점에서도 맛있게 먹고 좋았던 마라오이입니다.  마라소스를 오이와 같이 버무려서 나온건데요. 간단하면서 마라맛도 듬뿍 나고 배도 안부르고 딱 좋은 간단 안주. 구로디지털단지역 맛집 샤오바오우육면의 시그니쳐 요리인 가지만두입니다. 바삭하게 가지를 튀겨냈고 이 안에 고기가 들어가 있답니다. 그리고 특제 소스도 같이 나온답니다. 가지위에 만두소를 올린 후 튀겨낸것 같더라구요. 양쪽으로 가지를 한것 같지는 않더라구요. 양쪽으로 했으면 더 두꺼워졌을테니깐요. 아주 담백하면서 부드럽고 바삭한것이 가지만두의 본연의 맛을 즐길수 있답니다. 강강추!! 지인이 샤오롱바오가 먹고 싶다고 해서 주문을 했답니다. 이쁜 만두통에 4개가 담아서 나온답니다. 샤오롱바오는 숟가락에 올려서 만두에서 육즙을 빼고 먹으면 아주 맛있지요.  마라 안주들을 다 먹은 후 국물 안주가 필요해서 주문한 우육면 특 곱배기(도삭면)이 나왔답니다. 그릇 크기가 어마어마하네요. 누가 보면 세수대야 같은 느낌? ㅋㅋ 우육면에 다진 파와 마라소스가 들어가 있고 고기류도 듬뿍 들어가 있답니다. 저희가 주문한 면은 도삭면. 저번에는 기본면으로 먹었는데, 이번에는 도삭면으로 주문. 도삭면 자체가 면이 넓찍하고 식감은 수제비같은 느낌이랍니다.  여기에 고수를 더 추가로 달라고 한 후 고수를 우육면에 넣어서 먹었답니다. 둘이서 쉐어를 해야해서 개인그릇에 담아서 먹었는데, 확실히 특 곱배기의 양이 정말 대박 많더라구요. 먹다가 나중에는 배가 불러서 1/3을 남길 정도이었답니다. 맛은 역시 술안주로도 좋고 해장으로도 아주 딱이랍니다. 이날 구로디지털단지역 맛집 샤오바오우육면에서 먹은 다양한 마라 요리들과 식사겸 술안주로 먹은 우육면 특 곱배기의 동영상입니다.
본점도 맛있게 먹었지만 이날 먹은 마라수육은 정말 찐맛이었답니다. 거기에 가지만두는 더더 맛이 좋았던 것 같네요. 마무리로 먹은 우육면 특 곱배기는 정말 혼자먹기 많은 양이더라구요. 저희 집 근처에 오픈하면 자주 갈것 같네요. 아주 잘먹고 마셨습니다.
^^
#맛집 #구로디지털단지역맛집 #샤오바오우육면 #우육면 #마라요리 #마라수육 #마라오이 #가지만두 #푸우우_구로 #푸우우맛집 "
28,박수쳤던 구로디지털단지역 맛집 목록,달쌈,2021. 6. 13. 12:00,"며칠 전 식구들과 외식하러 나갔다가 구로디지털단지역 맛집 괜찮은 곳을 발견했어요.
돼지고기를 독특한 방식으로 즐길 수 있었고, 반찬도 푸짐하게 나와서 모두 반했던 곳이에요. 주소 : 서울 구로구 디지털로32나길 17-22
전화 : 02-857-6787
영업시간 : 매일 11:00 ~ 23:00 이번에 들렀던 곳은 구디역에서 가까워서 접근성이 참 좋았는데요.
깔끔한 간판에 이름이 큼직하게 써있어서 처음가는 곳인데도 헤매지 않았어요. 앞에는 메뉴까지 나와있어 더욱 시선을 끄는 곳이었는데요.
종류가 엄청 다양해서 여럿이 함께 방문하기에도 좋겠단 생각이 들었어요. 곧장 들어가 보니까 깔끔하게 정리된 홀이 저희를 반겨줬어요.
화이트톤으로 꾸며져있어 전체적으로 밝은 느낌이 들었는데요. 직원분이 안내해주신 자리에 앉아서 구로디지털단지역 맛집의 대표메뉴인 갈비꼬치와 꼬리꼬치를 주문했어요.
그 외에 추가할만한 것들도 다양해서 필요에따라 시키기 좋겠더라고요. 주문을 마치고 나니까 뜨거운 숯불을 내어주셨어요.
재가 날리지 않고 숯향이 향긋해서 단번에 고퀄리티임을 알아차렸고요. 옆으로는 기본찬을 서브해주셨는데 소스 종류만해도 4가지나 되어서 제대로 대접받는 기분이었어요.
각각 맛이 다르다보니까 입 안이 지루할틈도 전혀 없었죠. 그 중 자주 손이 갔던 건 파채였어요.
물에 살짝 담가주셨는지 매운맛이 많이 가라앉아서 한 그릇 다 먹어도 속이 편안했어요. 함께 주셨던 접시갈비찜도 기본으로 제공되어서 깜짝 놀랐는데요.
한 점 들어올려서 베어물어보니 촉촉한 식감이 대박이라 이걸 먹으려 구로디지털단지역 맛집에 온대도 손색이 없겠더라고요. 입 안이 살짝 텁텁할 땐 동치미를 마셔주면 금상첨화였어요.
시원한 국물이 속을 뻥 뚫어줘서 식욕을 확 돋궈주었고요. 안에 들어있던 배추까지 건져 먹으니까 달크무레한 채즙이 쫙 흘러나와 입가심으로 딱이었어요. 다음으로는 갈비꼬치로 시선을 돌려봤는데요.
갓 나온 고기임에도 초벌되어서 그런지 육즙이 촉촉히 맺혀있는게 보여서 침샘을 절로 자극했어요. 직원분이 설명해주신대로 꼬치를 끼워주니 자동으로 굴러가며 익어서 신경쓰지 않아도 된다는게 참 신기해했던 것 같아요. 무엇보다 굴러가면서 서로 균일하게 익는다는게 가장 만족스러웠어요.
육즙이 뚝뚝 흘러내리면서 노르스름하게 구워지니 뭐 하나 흠잡을게 없었고요. 다 완성된 건 밖으로 빼내어서 후후 불어 먹었는데요.
진한 숯불향과 함께 쫀득한 육질이 별미라 먹자마자 구로디지털단지역 맛집으로 인정하게 됐어요. 또 달달한 양념이 발라져 있어서 단독으로 먹어도 부족함이 전혀 없었어요.
오히려 감칠맛이 훌륭해 먹을수록 자꾸 땡기는 중독성이 있었죠. 간이 부족하다 싶을 땐 소금에 찍어 먹으면 됐는데요.
짭쫄한 간이 입에 착 감겨서 미식가인 부모님도 좋아하셨어요. 부드러운 풍미가 일품이었던 쌈장도 제 취향이었어요.
먹다가 부족한 찬은 리필도 가능해서 기분 좋게 식사를 이어나갔답니다. 이번에는 향긋한 파채를 올려 먹으니 식사에 활력을 불어넣어줘서 웃음이 그냥 나왔어요.
아삭하게 씹히는 식감 또한 재미있어서 수저질을 멈출 수가 없었네요. 그런가하면 쯔란에 콕 찍어먹으니 매콤하면서도 묘한 매력이 있어 중독성이 어마무시했어요.
평소에는 쉽게 맛볼 수 없는 소스라 더욱 자주 손이 갔던 것 같아요. 이어서 나온 구로디지털단지역 맛집의 꼬리꼬치는 다른 부위와 달리 특제양념이 발라진 상태로 나와서 모두의 이목을 집중시켰는데요. 익어갈수록 매콤달콤한 냄새가 솔솔 풍겨와 맛에 대한 기대감이 자연스레 높아졌어요. 금새 다 구워진 꼬리꼬치는 한 입에 쏙 넣어주니 쫀득한 껍질의 텍스쳐가 모두의 입맛을 사로잡았어요. 심지어 육질도 좋은 것만 엄선해 주셨는지 누린내가 1도 없어서 예민한 제 취향에도 딱이었고요. 겉부분에는 살코기도 살짝 붙어있어서 쫄깃함이 더욱 돋보였던 구로디지털단지역 맛집이었는데요. 좀 매콤하다 싶을 땐 마요네즈소스에 곁들여서 매운맛을 중화시켜 주었어요.
이렇게 먹으니 속도 편안해서 금방 한 판을 다 비워냈답니다. 추가로 리필한 파채에도 덧대어 먹으니 깔끔한 채즙이 입 안을 정리해줘서 더할나위 없었어요. 마지막으로는 기본으로 주신 방울토마토를 구워 먹었어요.
그냥 먹어도 맛있었는데, 한 번 구우니까 단맛이 더 높아져서 별미였어요. 술까지 한잔 마시니 마무리도 개운하게 할 수 있어서 좋았어요.
모처럼 부모님도 함께 만족했던 식당은 처음이라 앞으로도 기회되면 구로디지털단지역 맛집에 자주 올 생각이에요.  주소 : 서울 동작구 시흥대로 596 1층 101호
전화 : 010-9937-6521
영업시간 : 매일 12:00 - 21:00 다음으로 발걸음을 옮긴 카페 하나는 구디역에서 400m정도 걸렸어요.
세련되고 감각적인 분위기가 맘에 쏙 들었고, 큼직하고 싱싱한 딸기를 이용한 음료나 디저트가 많아 후식으로 먹기 딱 좋았어요. 주소 : 서울 구로구 디지털로32길 97-16
전화 : 02-853-8844
영업시간 : 매일 16:00 - 07:00 저녁을 먹기 위해 방문했던 옛날마차는 깔깔거리에서만 40년 동안 운영해온 곳이었어요.
프리미엄급 활어회를 바로 손질해주셔서 싱싱한 건 물론 달큼한 풍미까지 예술이라 술 한잔 하기에도 좋았어요. 주소 : 서울 구로구 디지털로33길 48 대륭포스트타워7차
전화 : 0507-1415-7751
영업시간 : 매일 09:30 - 15:00 재료소진시 영업종료 지인의 소개로 알게된 고창국수에서 진한 육수맛을 제대로 느끼고 왔어요.
매일 아침마다 11가지 재료로 육수를 우려내서 다른 곳과 비교가 안될 정도였고, 대부분 오후 3시에 영업을 종료하니 가실 분들은 참고하세요. 주소 : 서울 동작구 신대방1가길 38 106동 106호 ( 동작상떼빌아파트)
전화 : 0507-1364-1002
영업시간 : 매일 11:30 - 22:30 마지막에 들른 솔시카고피자는 반죽부터 소스까지 직접 개발해 감칠맛이 최고였어요.
자연산 치즈만 사용해서 짜지 않고 담백한게 맘에 들어서 종종 찾고싶은 곳이에요. "
29,내공있던 구로디지털단지역 맛집 ,"베르니
(vernie222)",2021. 8. 18. 7:26,"며칠 전 친구들과 함께 점심을 먹기 위해 
구로디지털단지역 맛집 샤오바오우육면을 방문했어요
현지 50년 경력에 내공이 느껴지는 
전통 란주 우육면의 진한 국물을 맛볼 수 있는 곳이었습니다. 우육면 8,500원
주소 / 구로 디지털로26길 123
지플러스타워 지하1층
번호 / 0507-1477-0888
영업시간 / 11:00~22:30  이날 찾아갔던 샤오바오우육면은 
구로디지털단지역에서 도보로 10분 정도 소요되었어요
오픈한지 얼마 안 된 신상 음심점답게 입구에는 
축하 화환들이 줄지어 있어 초행길에도 쉽게 찾을 수 있었습니다. 본점은 종로에 있고 
구로 직영점으로도 오픈을 했어요
매장 앞 현수막을 보니 
다양한 방송에도 출연을 했더라구요 내부로 들어와 보니 깔끔하게 꾸며져 있는 
우드 테이블, 의자, 라탄 벽면 장식이 눈에 띄었습니다. 또한 2인, 4인 각각 테이블 구분과 
철저하게 칸막이까지 되어 있어 
요즘 같은 상황에도 마음 편하게 식사를 할 수 있겠더라고요 벽면에는 베스트 식사 메뉴가 있어
처음 오는 고객에 대한 배려도 보였습니다. 식사 메뉴뿐만 아닌 요리 베스트로 구분 지어
구로디지털단지역 맛집에서 뭘 먹어야 할지 고민이 될 때 쉬운 선택을 할 수 있었습니다. 직원분의 안내를 받아 자리에 앉아 
어떤 메뉴가 있나 다시 한번 꼼꼼하게 살펴보았어요
우육면과 사이드, 요리류 
이렇게 3가지로 구분되어 있고 
메뉴명과 사진까지 자세하게 설명되어 선택하는데 참 편했습니다. 시원한 식전 음료로 차파이복숭아는 
달콤하면서 상큼한 복숭아 향으로 입맛을 돋우는 역할을 충분히 해주었어요 중국요리에는 빠질 수 없는 
칭따오 맥주도 추가를 해서 요리들과 함께 맛보았습니다. 곧이어 기본 반찬들이 나왔습니다.
요리들과 곁들일 수 있는 고수와 쨔사이 입니다. 그다음으로 고소한 향이 나는 꿔바로우가 등장합니다.
대/중 사이즈로 인원수에 맞게 선택이 가능한데 우리는 중 사이즈를 주문했어요 구로디지털단지역 맛집 꿔바로우를 젓가락으로 
들어보니 먹었더니 바삭한 튀김옷과 달짝지근한 양념 맛이 감미로웠습니다. 그렇게 다시 한번 맛보니 가운데 있는 돼지고기는
부드러워서 오래 씹지 않아도 입안에서 사르르 녹는 기분이 들었어요
살짝 느끼하다 싶을 땐 고수를 올려 먹으니
고수 특유의 맛이 입안을 깔끔하게 해주는 것 같았습니다.  꿔바로우를 다 먹을 때쯤 가지 탕수가 나왔어요
꾸덕꾸덕한 양념으로 나온 가지 탕수는 보기만 해도 군침이 절로 돌았답니다. 한입 맛보니 겉은 바삭하고 
안은 촉촉한 가지의 식감이 좋았어요
게다가 짜지 않은 감미로운 양념은 
지금까지 맛보았던 가지 탕수와는 확실하게 비교되는 맛이었습니다. 이번에는 돼지고기에 오향 소스로 
양념을 한 중국식 덮밥 루러우판이예요
사이드에는 데친 청경채와 반숙 계란까지 있어 
영양만점 한 끼 식사로 좋은 메뉴인듯싶었습니다.  수저 위에 밥, 계란, 돼지고기, 청경채를 함께 올려 
한입 크게 맛보니 동파육을 먹는 느낌도 들고 
과하지 않은 양념으로 한국 정서에 맞는 조화로운 맛을 내주었습니다. 곧이어 언니가 좋아하는 마라 오이도 나왔어요
사이드로 먹기 좋은 마라 오이는 
매콤 아삭함이 있어 구로디지털단지역 맛집 요리들의 곁들임으로 최고의 감칠맛을 내주었어요 이어서 차려진 가지 만두는 
소스와 함께 중국 분위기 나는 접시에 담겨 나왔어요 가지의 모양을 살려 바삭하게 튀겨 접시 위에 가지런하게 놓여있었죠 가위로 잘라 단면을 보니 가운데는 육즙 품은 고기가 들어 있었어요
후후 불어 뜨겁지 않을 때 먹어보니 
고기의 고소함과 가지의 향, 바삭한 튀김 이 세 가지가 조화롭게 어우러졌어요 그렇게 요리들을 맛보고 있을 때 
면요리들이 순차적으로 나옵니다.
첫 번째 우육면으로는 곱창면으로
매콤 국물에 푸짐한 곱창이 화려한 퀄리티를 자랑하며 등장을 했습니다. 잡내가 나지 않았던 곱창은 풍부한 맛을 내주었는데요
쫄깃하게 씹히는 식감이 정말 기가 막히더라고요 면발은 단단함이 있으면서도 쫄깃했어요
지금까지 맛본 우육면 중에 최고의 면발로 지금도 기억에 남는 식감이었습니다. 두 번째 구로디지털단지역 맛집 우육면은 고기 고명과 무, 송송 채 썬 쪽파가 시선을 끌었는데요
푸른색과 붉은색의 조화를 보니 군침이 싹~ 돌더라고요 양념이 잘 베어든 면은 후루룩 면치기로 푸짐하게 먹었답니다.
그리고 시간이 지나도 면발이 불지 않아 오랜 시간 맛보는 게 가능했어요 시원한 국물을 한수저 떠보니 시원함과 매콤함이 공존했어요 거기에다가 고기 고명까지 올려 먹어봤는데요
씹을 때마다 고기의 고소한 육향이 함께 느껴져 입꼬리가 씨~익 올라갔답니다. 다음 메뉴는 도삭면입니다.
일반면과 도삭면 두 가지 선택이 가능해서 각각 하나씩 주문은 한 건데 탁월한 선택이었습니다. 널찍한 면은 파스타의 페투치니면이 생각났어요
쫄깃하면서 씹는 맛을 즐기는 분들이라면 도삭면은 꼭 먹어봐야 하는 것 같아요
개인적으로 도삭면은 
또 생각나는 식감과 맛입니다.  식사를 마치고 나서도 
구로디지털단지역 맛집 샤오바오우육면에 대한 칭찬이 끊이질 않았어요
깔끔한 시설, 고품질 식재료와 
오랜 역사가 느껴지는 진한 국물까지 다 마음에 들었던 곳이라 다음에도 가고 싶었습니다. 주소 / 서울 구로구 디지털로26 123
번호 / 0507-1424-3066
영업시간 / 평일 08:00~21:00 식사를 마치고 샤오바오우육면 바로 앞에 있는 카페에서 밀크티 한잔을 하기로 했어요
홍콩의 밀크티를 판매하는곳으로 진짜 홍콩에 온듯한 느낌이 드는곳이었습니다. 주소 / 서울 구로동 154-13
번호 / 02-838-8218
영업시간 / 매일 11:00~23:00 꼬리찜과 우족찜으로 유명한 등나무집은 식신로드 방송에 나온곳이예요
부드러운 꼬리찜은 참기름에 버무러진 파가 토핑되어 나오는데 파와 함께 먹으면 더 맛있더라구요 트러푼 라구파스타 18,000원
주소 / 서울 구로구 디지털로32나길 17-23
번호 / 02-838-0877
영업시간 / 11:30~22:00  이태리의 선술집 분위기로 야외 테이블도 있고 바까지 있어 술한잔하기에 좋았어요
우선 인테리어가 이색적이라 여성분들이 더더욱 좋아할만한곳이었습니다. 주소 / 서울 구로구 디지털로26 110 
동일테크노타운2차
번호 / 02-856-9292
영업시간 / 매일 10:30~22:00 어릴때 부모님과 함께 자주가던 영양센타도 구로에 있었어요
전기구이 통닭도 있었지만 능이삼계탕은 진한 국물맛과 영양만점 한끼로 손색이 없었습니다. "
