,url,title
0,https://blog.naver.com/ssj7748/222563976522,으뜸이던 구로디지털단지역 맛집
1,https://blog.naver.com/80ggongju/222567100207,옹골찼던 구로디지털단지역 맛집 리스트
2,https://blog.naver.com/kimmso1/222570321694,빈틈없는 구로디지털단지역 맛집 모음
3,https://blog.naver.com/leeih009/222556576060,최고였던 구로디지털단지역 맛집 소개
4,https://blog.naver.com/flyfree6/222526535476,공감했던 구로디지털단지역 맛집 소개
5,https://blog.naver.com/bal2000/222557556779,상당했던 구로디지털단지역 맛집 리스트
6,https://blog.naver.com/me_hsj/222556684408,호감갔던 구로디지털단지역 맛집
7,https://post.naver.com/viewer/postView.naver?volumeNo=32723667&memberNo=44625279&vType=VERTICAL,구로디지털단지역 맛집 불맛 제대로인 고기집
8,https://blog.naver.com/xclanka/222560549104,매력있던 구로디지털단지역 맛집 모음
9,https://blog.naver.com/valen7514/222529913495,특미였던 구로디지털단지역 맛집 모음
10,https://blog.naver.com/chan2heaven/222528739854,진리였던 구로디지털단지역 맛집
11,https://blog.naver.com/dalcomhi/222562806130,구로디지털단지역 맛집 구디 매머드커피
12,https://blog.naver.com/ngs7026/222562209193,극찬했던 구로디지털단지역 맛집 리스트
13,https://post.naver.com/viewer/postView.nhn?volumeNo=27049362&memberNo=822&vType=VERTICAL,구로디지털단지역 맛집 적당한 돼지생각!
14,https://blog.naver.com/hoi_arumlove/222499536544,순정이 있는 구로디지털단지역 맛집 리스트
15,https://blog.naver.com/cnflek/222538950164,인정했던 구로디지털단지역 맛집 리스트 소개
16,https://blog.naver.com/423sm/222505842298,구로디지털단지역맛집 샤오바오우육면구디점 진짜 대박!
17,https://blog.naver.com/yo3ona/222533731785,"구로디지털단지역 맛집 여기가전집, 전이 바삭한 구디 술집"
18,https://blog.naver.com/aaa9a/222547713444,"구디단맛집, 구로디지털단지역맛집 오봉집 구로디지털단지점"
19,https://blog.naver.com/winsome_amy/222499175793,만족했던 구로디지털단지역 맛집 공유
20,https://blog.naver.com/mephisto69/222478007592,이색적인 구로디지털단지역 맛집 소개
21,https://blog.naver.com/youjin0113/222407264172,색달랐던 구로디지털단지역 맛집
22,https://blog.naver.com/wkdb1106/222390147898,저녁에 술집이 되는 구로디지털단지역 맛집 모음
23,https://cafe.naver.com/cosmania/31859490,수제요리와 멋드러진 분위기의 구로디지털단지역 맛집
24,https://cafe.naver.com/skywasblue/112184,인스타 갬성의 구로디지털단지역 맛집
25,https://blog.naver.com/hyemin9200/222552245713,구로디지털단지역 맛집 : 샤오바오우육면구디점
26,https://cafe.naver.com/nawayo/1469240,분위기에 취한 구로디지털단지역 맛집
27,https://blog.naver.com/mike8283/222522910267,구로디지털단지역 맛집 - 마라 중화요리와 우육면으로 낮술하기 좋은 곳
28,https://blog.naver.com/onlygsu/222396182151,박수쳤던 구로디지털단지역 맛집 목록
29,https://blog.naver.com/vernie222/222474411339,내공있던 구로디지털단지역 맛집
30,https://blog.naver.com/woojin5060/222460697079,인기만점 구로디지털단지역 맛집
31,https://blog.naver.com/cateye99/222254981865,든든했던 구로디지털단지역 맛집 리스트♡
32,https://blog.naver.com/mixsun/222409437529,호화로웠던 구로디지털단지역 맛집
33,https://blog.naver.com/joo1609/222351714481,구로디지털단지역 맛집 한우가 예술~
34,https://blog.naver.com/joara127/222505623795,구로디지털단지역맛집 란주 150년 전통 우육면과 가지탕수 샤오바오구디점
35,https://blog.naver.com/s9b7am77b/222428870321,구로디지털단지역 맛집 한판 참숯 소갈비 또 갈생각 있어요
36,https://blog.naver.com/qw3859/221973524582,구로디지털단지역 맛집 정갈한 고기집
37,https://blog.naver.com/faingang/222249313362,가격과 맛 모두 만족한 구로디지털단지역 맛집_동남집_곰탕 제대로 하는 생생정보 맛집
38,https://blog.naver.com/eodnjs9694/222406127406,구로디지털단지역 맛집 메이비카페 브런치 솔직후기
39,https://blog.naver.com/skylights2/222287744134,구로디지털단지역 맛집이라는 신림 춘천집에서 닭갈비 후기
40,https://blog.naver.com/chibi04/222025325163,넉넉한 양의 구로디지털단지역 맛집
41,https://blog.naver.com/aran_93/222416526890,"구로디지털단지역 맛집 :: 물찬조개, 서울에서 먹는 조개구이 냠냠굿"
42,https://blog.naver.com/dasom_2725/221742354319,이름값하는 구로디지털단지역 맛집
43,https://cafe.naver.com/directwedding/3103864,구로디지털단지 뽕사부 맛집!
44,https://cafe.naver.com/pandamarket/454799,구로디지털단지역 맛집 라마노
45,https://blog.naver.com/p1ayme/221899421509,구로디지털단지역 맛집 삼겹살이 맛있는 술집
46,https://blog.naver.com/bambi2646/222146812737,신박했던 구로디지털단지역 맛집
47,https://blog.naver.com/fpdh0819/221744122748,백원 이벤트 중인 구로디지털단지역 맛집
48,https://blog.naver.com/q0163020/221979682512,확실했던 구로디지털단지역 맛집
49,https://blog.naver.com/hortonsj/221694822627,입이 즐거워졌던 구로디지털단지역맛집
50,https://cafe.naver.com/cosmania/30079439,구로디지털단지역 맛집 이색적인 점심
51,https://blog.naver.com/bj934uslj/222425000245,구로디지털단지역 맛집 먹기도 보기도 좋은 꽃삼겹 먹으로! 교대 이층집
52,https://blog.naver.com/throughpass0422/221842121851,대박인듯 구로디지털단지역 맛집
53,https://blog.naver.com/sohee7398/221824248714,리춘시장 구로디지털단지역 맛집
54,https://blog.naver.com/kiddy28/222016139230,구로디지털단지역 맛집 대창은 여기가 가성비 굿!
55,https://blog.naver.com/s_zan/222267310521,다시 찾은 구로디지털단지역 맛집
56,https://blog.naver.com/no1cye/222554293873,"구로디지털단지역 맛집 탐방]구디 맛집 신승반점 구로점 짬뽕 맛집, 샤오바오우육면 구로점 가지탕수..."
57,https://blog.naver.com/wlgpsid00/222149551783,구로디지털단지역맛집 핫한곳! 신림춘천집 치즈폭포닭갈비
58,https://blog.naver.com/11ansgallry/222495914776,"구로디지털단지역 맛집, 샤오바오우육면구디점 외"
59,https://blog.naver.com/jeju8253/221999489817,구로디지털단지역 맛집 진짜 가격부터 맛 모두 만족
60,https://blog.naver.com/jjubu0691/221355101661,구로디지털단지역맛집 군산아구찜해물탕에서 아구찜 먹었어요
61,https://blog.naver.com/hana_and/221237768197,구로디지털단지역 맛집 중독되네!
62,https://blog.naver.com/nanukihj/222310638095,"구로디지털단지역 맛집 추천, 미식가 양꼬치"
63,https://blog.naver.com/kkang_u_/222272195759,[구로디지털단지역맛집] 남구로역 파스타맛집 <더제이케이키친박스>
64,https://blog.naver.com/choikr82/222402227545,"구로디지털단지역 맛집: 미나리삼겹살 육풍, 된장찌개도 맛있어요.(내돈내산)"
65,https://blog.naver.com/songyikang/222048788991,"[구로디지털단지역 맛집] 구로 맛집, 구디 정육식당 - 충남생고기식당"
66,https://blog.naver.com/s2sue/221158349811,구로디지털단지역 맛집 회식 장소는 여기가 좋겠어
67,https://blog.naver.com/lovableje/221679456445,"구로디지털단지역맛집, 백년고기"
68,https://blog.naver.com/key4791/221258993021,구로디지털단지역 맛집/군산아구찜해물탕~
69,https://blog.naver.com/frencblue/221196796915,구로디지털단지역 맛집 양지 차돌박이 무한!
70,https://blog.naver.com/megkis/221393492609,구로디지털단지역 맛집 별미로구나^^
71,https://blog.naver.com/gurrl15199/221282608142,구로디지털단지역 맛집 차돌 먹으니 배부르고 좋네
72,https://blog.naver.com/ttr8973/221201842639,구로디지털단지역 맛집 호로록~ 챱챱
73,https://blog.naver.com/lka0125/221365599199,구로디지털단지역 맛집 감동의 반상
74,https://cafe.naver.com/kig/14766966,구로디지털단지역 맛집 수제요리와 멋진 분위기
75,https://cafe.naver.com/anyangtalk/384006,구로디지털단지역 거주기
76,https://blog.naver.com/kutty1945/222554080860,"구로디지털단지역 맛집, 현지 우육면 맛집, 샤오바오우육면구디점"
77,https://blog.naver.com/010gkwls/222510469848,구로디지털단지역 맛집 동네주민이 알려줌
78,https://blog.naver.com/stasis7/222555314982,깔끔했던 구로디지털단지역맛집 샤오바오우육면구디점에서 ♪
79,https://cafe.naver.com/directwedding/3055923,[구로디지털단지역] 누룽지통닭 맛집 ‘계림원’
80,https://cafe.naver.com/nawayo/1472233,구로디지털단지 맛집 프라이빗한 우리만의 공간
81,https://cafe.naver.com/ospersons/26982,구로디지털역 깔깔거리 _ 훠궈부페 / 복성루샤부샤부성
82,https://cafe.naver.com/real21/1540709,힐링했던 가산디지털단지 맛집
83,https://blog.naver.com/postnblog/222506296459,구로디지털단지역 맛집 애정하는 술집
84,https://blog.naver.com/jawon604/222523504887,직장인들 구로디지털단지역맛집 큰손 묵은지찜
85,https://blog.naver.com/tlswl0215/222554201523,[구로디지털단지역맛집] 구디 점심:: 샤오바오우육면구디점
86,https://blog.naver.com/gg_nn/222569966418,[구로디지털단지역 맛집] 분위기 좋은 한식 오마카세
87,https://blog.naver.com/hyr67/221245235690,구로디지털단지역맛집 제철한정식 마실
88,https://blog.naver.com/cgs2020/222319011238,구로디지털단지역 맛집 서울다찌 김영태의 이자카야마을 구로
89,https://blog.naver.com/bee_puppycat/222542208604,구로디지털단지역 맛집_메이비카페 폭립플래터 브런치 추천
90,https://blog.naver.com/gakwan/222553068666,"구로디지털단지역 맛집 ""교대이층집"" 꽃삼겹 존맛"
91,https://blog.naver.com/milky_way159/222543958018,"구로디지털단지역 맛집 - 뿌 팟 봉커리, 나시고랭 (생어거스틴 구로G벨리몰점)"
92,https://blog.naver.com/jjbins426/222547541919,닭갈비맛집::신림춘천집 (구로디지털단지역 맛집)
93,https://blog.naver.com/jnugsung97/222568102814,구로디지털단지역맛집 구디 삼겹살 육풍 다녀왔어요 구디 회식 장소 추천
94,https://blog.naver.com/sje7006/222542087690,[구로디지털단지역 맛집] 이틀 연속으로 간 JMT 구로 곱창
95,https://blog.naver.com/k730904/222327241641,구로디지털단지역맛집:사조회참치(점심특선)
96,https://blog.naver.com/ywill007/222537948538,구로디지털단지역맛집 한촌설렁탕 구로지밸리몰점에서 불고기정식 먹고 왔어요
97,https://blog.naver.com/l971031/222523627665,[구로디지털단지역 맛집] 핫하다는 세광양대창 구디에서 처음 와봄!
98,https://blog.naver.com/dksals0601/222543757297,구로디지털단지역맛집 구워줘서 편한 하남돼지집
99,https://blog.naver.com/blogbeginning/222569636301,"구로디지털단지역 맛집 리뷰, 구디 맛집"
100,https://blog.naver.com/sha_026/222562346985,[구로디지털단지역맛집] 신림춘천집 닭갈비 점심메뉴로 최고!
101,https://cafe.naver.com/mjann/2319379,구로디지털단지역 맛집 핫하다!
102,https://cafe.naver.com/2039seoul/354609,[마감][12월 9일 토요일 19시 30분 구로디지털단지역] 정정아식당에서 불토!?
103,https://cafe.naver.com/freemsrain/1635,구로 디지털단지역 마사지 구인구직은 역시 라니테라피!
104,https://cafe.naver.com/lhuniv9/224148,2호선 구로디지털단지역 도보5분 신축분리형원룸 2층 전세1억
105,https://cafe.naver.com/fox5282/3090047,구로디지털단지역 체형교정 잘하는곳 추천해주세요
